day,locker_id,S_end,overflow,cleared_actual,clear_capacity,capacity
1,PL001,30.0,1.8989547,33.101045,60.0,30.0
2,PL001,19.494774,0.0,45.505226,60.0,30.0
3,PL001,24.229965,0.0,44.264808,60.0,30.0
4,PL001,20.557491,0.0,40.672474,60.0,30.0
5,PL001,19.303136,0.0,42.254355,60.0,30.0
6,PL001,19.954704,0.0,39.348432,60.0,30.0
7,PL001,30.0,0.0,24.954704,60.0,30.0
1,PL002,30.384892,0.0,28.615108,60.0,38.0
2,PL002,27.651079,0.0,41.733813,60.0,38.0
3,PL002,24.26259,0.0,39.388489,60.0,38.0
4,PL002,26.676259,0.0,38.586331,60.0,38.0
5,PL002,32.44964,0.0,41.226619,60.0,38.0
6,PL002,29.672662,0.0,42.776978,60.0,38.0
7,PL002,38.0,0.0,23.672662,60.0,38.0
1,PL003,43.289902,0.0,26.710098,60.0,55.0
2,PL003,44.781759,0.0,40.508143,60.0,55.0
3,PL003,50.892508,0.0,43.889251,60.0,55.0
4,PL003,52.19544,0.0,46.697068,60.0,55.0
5,PL003,54.28013,0.0,49.915309,60.0,55.0
6,PL003,44.710098,0.0,45.570033,60.0,55.0
7,PL003,55.0,0.0,28.710098,60.0,55.0
1,PL004,45.850746,0.0,23.149254,60.0,61.0
2,PL004,49.171642,0.0,34.679104,60.0,61.0
3,PL004,49.335821,0.0,35.835821,60.0,61.0
4,PL004,48.074627,0.0,36.261194,60.0,61.0
5,PL004,48.440299,0.0,35.634328,60.0,61.0
6,PL004,54.052239,0.0,38.38806,60.0,61.0
7,PL004,61.0,0.0,39.052239,60.0,61.0
1,PL005,55.027491,0.0,27.972509,60.0,73.0
2,PL005,47.068729,0.0,39.958763,60.0,73.0
3,PL005,51.319588,0.0,40.749141,60.0,73.0
4,PL005,50.749141,0.0,37.570447,60.0,73.0
5,PL005,52.477663,0.0,42.271478,60.0,73.0
6,PL005,56.353952,0.0,42.123711,60.0,73.0
7,PL005,73.0,0.0,26.353952,60.0,73.0
1,PL006,47.113074,0.0,25.886926,60.0,78.0
2,PL006,54.575972,0.0,41.537102,60.0,78.0
3,PL006,55.69258,0.0,43.883392,60.0,78.0
4,PL006,48.893993,0.0,42.798587,60.0,78.0
5,PL006,51.787986,0.0,42.106007,60.0,78.0
6,PL006,51.381625,0.0,40.40636,60.0,78.0
7,PL006,78.0,0.0,4.3816254,60.0,78.0
1,PL007,35.2,6.8,18.0,60.0,49.0
2,PL007,38.24,0.0,30.96,60.0,49.0
3,PL007,45.92,0.0,34.32,60.0,49.0
4,PL007,44.56,0.0,37.36,60.0,49.0
5,PL007,49.0,0.0,40.56,60.0,49.0
6,PL007,41.96,0.0,38.04,60.0,49.0
7,PL007,49.0,0.0,24.96,60.0,49.0
1,PL008,51.498024,0.0,21.501976,60.0,78.0
2,PL008,56.478261,0.0,36.019763,60.0,78.0
3,PL008,53.359684,0.0,36.118577,60.0,78.0
4,PL008,50.418972,0.0,35.940711,60.0,78.0
5,PL008,54.687747,0.0,34.731225,60.0,78.0
6,PL008,59.73913,0.0,37.948617,60.0,78.0
7,PL008,78.0,0.0,11.73913,60.0,78.0
1,PL009,28.341818,0.0,25.658182,60.0,40.0
2,PL009,25.650909,0.0,34.690909,60.0,40.0
3,PL009,29.883636,0.0,35.767273,60.0,40.0
4,PL009,38.909091,0.0,40.974545,60.0,40.0
5,PL009,36.4,0.0,44.509091,60.0,40.0
6,PL009,32.083636,0.0,43.316364,60.0,40.0
7,PL009,40.0,0.0,28.083636,60.0,40.0
1,PL010,57.642173,0.0,38.357827,60.0,89.0
2,PL010,54.952077,0.0,44.690096,60.0,89.0
3,PL010,51.670927,0.0,48.28115,60.0,89.0
4,PL010,53.399361,0.0,44.271565,60.0,89.0
5,PL010,45.900958,0.0,42.498403,60.0,89.0
6,PL010,55.0,0.0,43.900958,60.0,89.0
7,PL010,89.0,0.0,0.0,60.0,89.0
1,PL011,51.567568,0.0,32.432432,60.0,66.0
2,PL011,49.662162,0.0,46.905405,60.0,66.0
3,PL011,43.608108,0.0,43.054054,60.0,66.0
4,PL011,49.27027,0.0,44.337838,60.0,66.0
5,PL011,51.581081,0.0,44.689189,60.0,66.0
6,PL011,42.351351,0.0,43.22973,60.0,66.0
7,PL011,66.0,0.0,11.351351,60.0,66.0
1,PL012,59.029412,0.0,20.970588,60.0,93.0
2,PL012,68.5,0.0,35.529412,60.0,93.0
3,PL012,70.323529,0.0,39.176471,60.0,93.0
4,PL012,68.352941,0.0,41.970588,60.0,93.0
5,PL012,70.058824,0.0,41.294118,60.0,93.0
6,PL012,69.0,0.0,41.058824,60.0,93.0
7,PL012,93.0,0.0,8.0,60.0,93.0
1,PL013,57.407166,0.0,28.592834,60.0,74.0
2,PL013,51.986971,0.0,39.420195,60.0,74.0
3,PL013,58.918567,0.0,41.068404,60.0,74.0
4,PL013,66.775244,0.0,45.143322,60.0,74.0
5,PL013,69.726384,0.0,52.04886,60.0,74.0
6,PL013,54.781759,0.0,46.944625,60.0,74.0
7,PL013,74.0,0.0,23.781759,60.0,74.0
1,PL014,26.0,3.3776978,29.622302,60.0,26.0
2,PL014,20.172662,0.0,41.827338,60.0,26.0
3,PL014,20.42446,0.0,40.748201,60.0,26.0
4,PL014,22.766187,0.0,39.658273,60.0,26.0
5,PL014,16.471223,0.0,38.294964,60.0,26.0
6,PL014,17.05036,0.0,37.420863,60.0,26.0
7,PL014,26.0,0.0,35.05036,60.0,26.0
1,PL015,29.962838,0.0,29.037162,60.0,33.0
2,PL015,26.996622,0.84797297,44.118243,60.0,33.0
3,PL015,20.989865,0.0,41.006757,60.0,33.0
4,PL015,20.625,0.0,38.364865,60.0,33.0
5,PL015,27.337838,0.0,39.287162,60.0,33.0
6,PL015,33.0,0.0,44.337838,60.0,33.0
7,PL015,33.0,0.0,40.0,60.0,33.0
1,PL016,31.0,1.5454545,30.454545,60.0,31.0
2,PL016,27.367003,2.9292929,44.703704,60.0,31.0
3,PL016,18.599327,0.0,40.767677,60.0,31.0
4,PL016,21.053872,0.0,38.545455,60.0,31.0
5,PL016,31.0,0.0,41.053872,60.0,31.0
6,PL016,31.0,0.0,40.0,60.0,31.0
7,PL016,31.0,0.0,44.0,60.0,31.0
1,PL017,51.723485,3.0833333,16.193182,60.0,72.0
2,PL017,63.454545,0.0,32.268939,60.0,72.0
3,PL017,72.0,0.0,38.454545,60.0,72.0
4,PL017,64.412879,0.0,40.587121,60.0,72.0
5,PL017,68.742424,0.0,43.670455,60.0,72.0
6,PL017,62.295455,0.0,35.44697,60.0,72.0
7,PL017,72.0,0.0,28.295455,60.0,72.0
1,PL018,38.252669,0.0,24.747331,60.0,70.0
2,PL018,40.94306,0.0,39.309609,60.0,70.0
3,PL018,43.683274,0.0,41.259786,60.0,70.0
4,PL018,39.672598,0.0,41.010676,60.0,70.0
5,PL018,33.19573,0.0,37.476868,60.0,70.0
6,PL018,39.846975,0.0,37.348754,60.0,70.0
7,PL018,70.0,0.0,14.846975,60.0,70.0
1,PL019,29.0,1.2657343,33.734266,60.0,29.0
2,PL019,23.20979,0.0,44.79021,60.0,29.0
3,PL019,17.961538,0.0,40.248252,60.0,29.0
4,PL019,21.276224,0.0,38.685315,60.0,29.0
5,PL019,23.356643,0.0,39.91958,60.0,29.0
6,PL019,20.783217,0.0,40.573427,60.0,29.0
7,PL019,29.0,0.0,33.783217,60.0,29.0
1,PL020,39.827451,0.0,29.172549,60.0,56.0
2,PL020,36.258824,0.0,41.568627,60.0,56.0
3,PL020,28.941176,0.0,37.317647,60.0,56.0
4,PL020,29.223529,0.0,33.717647,60.0,56.0
5,PL020,31.937255,0.0,33.286275,60.0,56.0
6,PL020,33.294118,0.0,35.643137,60.0,56.0
7,PL020,56.0,0.0,14.294118,60.0,56.0
1,PL021,54.34965,0.0,32.65035,60.0,85.0
2,PL021,56.269231,0.0,47.08042,60.0,85.0
3,PL021,49.461538,0.0,43.807692,60.0,85.0
4,PL021,52.377622,0.0,44.083916,60.0,85.0
5,PL021,46.961538,0.0,39.416084,60.0,85.0
6,PL021,41.909091,0.0,37.052448,60.0,85.0
7,PL021,82.909091,0.0,0.0,60.0,85.0
1,PL022,38.228782,0.0,22.771218,60.0,54.0
2,PL022,44.760148,0.0,36.468635,60.0,54.0
3,PL022,45.900369,0.0,38.859779,60.0,54.0
4,PL022,52.808118,0.0,45.092251,60.0,54.0
5,PL022,42.811808,0.0,40.99631,60.0,54.0
6,PL022,54.0,0.0,33.811808,60.0,54.0
7,PL022,54.0,0.0,27.0,60.0,54.0
1,PL023,32.421233,0.0,26.578767,60.0,53.0
2,PL023,36.55137,0.0,40.869863,60.0,53.0
3,PL023,29.513699,0.0,39.037671,60.0,53.0
4,PL023,35.69863,0.0,40.815068,60.0,53.0
5,PL023,32.215753,0.0,38.482877,60.0,53.0
6,PL023,37.342466,0.0,42.873288,60.0,53.0
7,PL023,53.0,0.0,30.342466,60.0,53.0
1,PL024,35.689655,0.0,23.310345,60.0,46.0
2,PL024,45.022989,0.0,40.666667,60.0,46.0
3,PL024,39.291188,0.0,39.731801,60.0,46.0
4,PL024,37.651341,0.0,41.639847,60.0,46.0
5,PL024,35.766284,0.0,35.885057,60.0,46.0
6,PL024,33.651341,0.0,36.114943,60.0,46.0
7,PL024,46.0,0.0,20.651341,60.0,46.0
1,PL025,51.216949,0.0,29.783051,60.0,65.0
2,PL025,47.99661,0.0,44.220339,60.0,65.0
3,PL025,49.454237,0.0,44.542373,60.0,65.0
4,PL025,47.352542,0.0,42.101695,60.0,65.0
5,PL025,45.237288,0.0,42.115254,60.0,65.0
6,PL025,43.949153,0.0,39.288136,60.0,65.0
7,PL025,65.0,0.0,22.949153,60.0,65.0
1,PL026,31.307958,8.4532872,21.238754,60.0,50.0
2,PL026,40.899654,0.0,37.408304,60.0,50.0
3,PL026,50.0,0.0,43.899654,60.0,50.0
4,PL026,42.546713,0.0,46.453287,60.0,50.0
5,PL026,39.612457,0.0,44.934256,60.0,50.0
6,PL026,36.570934,0.0,39.041522,60.0,50.0
7,PL026,50.0,0.0,25.570934,60.0,50.0
1,PL027,60.270175,0.0,28.729825,60.0,99.0
2,PL027,54.080702,0.0,43.189474,60.0,99.0
3,PL027,50.701754,0.0,40.378947,60.0,99.0
4,PL027,55.515789,0.0,39.185965,60.0,99.0
5,PL027,54.017544,0.0,39.498246,60.0,99.0
6,PL027,55.203509,0.0,41.814035,60.0,99.0
7,PL027,95.203509,0.0,0.0,60.0,99.0
1,PL028,50.352727,0.0,20.647273,60.0,72.0
2,PL028,49.774545,0.0,33.578182,60.0,72.0
3,PL028,57.101818,0.0,36.672727,60.0,72.0
4,PL028,59.312727,0.0,38.789091,60.0,72.0
5,PL028,60.981818,0.0,43.330909,60.0,72.0
6,PL028,59.032727,0.0,41.949091,60.0,72.0
7,PL028,72.0,0.0,25.032727,60.0,72.0
1,PL029,30.762887,0.0,25.237113,60.0,43.0
2,PL029,28.865979,0.0,34.896907,60.0,43.0
3,PL029,41.879725,0.0,41.986254,60.0,43.0
4,PL029,35.810997,0.0,41.068729,60.0,43.0
5,PL029,33.62543,0.0,43.185567,60.0,43.0
6,PL029,39.213058,0.0,41.412371,60.0,43.0
7,PL029,43.0,0.0,40.213058,60.0,43.0
1,PL030,38.950382,2.9427481,17.10687,60.0,57.0
2,PL030,48.938931,0.0,31.01145,60.0,57.0
3,PL030,56.89313,0.0,37.045802,60.0,57.0
4,PL030,57.0,0.0,42.89313,60.0,57.0
5,PL030,55.576336,0.0,43.423664,60.0,57.0
6,PL030,49.553435,0.0,40.022901,60.0,57.0
7,PL030,57.0,0.0,22.553435,60.0,57.0
1,PL031,36.59507,0.0,27.40493,60.0,39.0
2,PL031,31.383803,0.0,40.211268,60.0,39.0
3,PL031,34.996479,0.0,41.387324,60.0,39.0
4,PL031,36.017606,0.0,39.978873,60.0,39.0
5,PL031,33.915493,0.0,42.102113,60.0,39.0
6,PL031,37.461268,0.0,42.454225,60.0,39.0
7,PL031,39.0,0.0,32.461268,60.0,39.0
1,PL032,64.346535,0.0,32.653465,60.0,94.0
2,PL032,63.323432,0.0,50.023102,60.0,94.0
3,PL032,58.524752,0.0,47.79868,60.0,94.0
4,PL032,52.273927,0.0,43.250825,60.0,94.0
5,PL032,50.755776,0.0,39.518152,60.0,94.0
6,PL032,55.155116,0.0,39.60066,60.0,94.0
7,PL032,94.0,0.0,2.1551155,60.0,94.0
1,PL033,60.486486,0.0,11.513514,60.0,97.0
2,PL033,62.53668,0.0,35.949807,60.0,97.0
3,PL033,70.413127,0.0,40.123552,60.0,97.0
4,PL033,67.737452,0.0,41.675676,60.0,97.0
5,PL033,53.675676,0.0,37.061776,60.0,97.0
6,PL033,57.0,0.0,32.675676,60.0,97.0
7,PL033,97.0,0.0,0.0,60.0,97.0
1,PL034,33.348123,1.2764505,20.375427,60.0,52.0
2,PL034,37.197952,0.0,32.150171,60.0,52.0
3,PL034,44.119454,0.0,37.078498,60.0,52.0
4,PL034,43.583618,0.0,39.535836,60.0,52.0
5,PL034,52.0,0.0,46.583618,60.0,52.0
6,PL034,51.494881,0.0,46.505119,60.0,52.0
7,PL034,52.0,0.0,42.494881,60.0,52.0
1,PL035,42.369718,0.0,29.630282,60.0,55.0
2,PL035,41.714789,0.0,44.65493,60.0,55.0
3,PL035,37.443662,0.0,42.271127,60.0,55.0
4,PL035,36.049296,0.0,40.394366,60.0,55.0
5,PL035,36.390845,0.0,38.658451,60.0,55.0
6,PL035,40.320423,0.0,41.070423,60.0,55.0
7,PL035,55.0,0.0,19.320423,60.0,55.0
1,PL036,50.985765,0.0,28.014235,60.0,64.0
2,PL036,49.740214,0.0,40.245552,60.0,64.0
3,PL036,45.370107,0.0,37.370107,60.0,64.0
4,PL036,51.565836,0.0,39.80427,60.0,64.0
5,PL036,51.946619,0.0,39.619217,60.0,64.0
6,PL036,53.160142,0.0,43.786477,60.0,64.0
7,PL036,64.0,0.0,26.160142,60.0,64.0
1,PL037,24.925325,8.3474026,23.727273,60.0,41.0
2,PL037,33.146104,0.0,39.779221,60.0,41.0
3,PL037,33.126623,0.0,42.019481,60.0,41.0
4,PL037,35.191558,0.0,45.935065,60.0,41.0
5,PL037,25.590909,0.0,40.600649,60.0,41.0
6,PL037,33.496753,0.0,43.094156,60.0,41.0
7,PL037,41.0,0.0,44.496753,60.0,41.0
1,PL038,45.278571,0.0,30.721429,60.0,63.0
2,PL038,39.075,0.0,43.203571,60.0,63.0
3,PL038,36.085714,0.0,39.989286,60.0,63.0
4,PL038,31.95,0.0,35.135714,60.0,63.0
5,PL038,40.296429,0.0,37.653571,60.0,63.0
6,PL038,39.764286,0.0,38.532143,60.0,63.0
7,PL038,63.0,0.0,21.764286,60.0,63.0
1,PL039,71.555556,0.0,26.444444,60.0,83.0
2,PL039,78.188552,0.0,45.367003,60.0,83.0
3,PL039,71.279461,0.0,42.909091,60.0,83.0
4,PL039,66.016835,0.0,42.262626,60.0,83.0
5,PL039,63.070707,0.0,34.946128,60.0,83.0
6,PL039,75.148148,0.0,40.922559,60.0,83.0
7,PL039,83.0,0.0,37.148148,60.0,83.0
1,PL040,8.7364341,10.515504,21.748062,60.0,26.0
2,PL040,13.593023,0.0,33.143411,60.0,26.0
3,PL040,5.2751938,0.0,31.317829,60.0,26.0
4,PL040,12.593023,0.0,32.682171,60.0,26.0
5,PL040,10.728682,0.0,31.864341,60.0,26.0
6,PL040,19.53876,0.0,38.189922,60.0,26.0
7,PL040,26.0,0.0,42.53876,60.0,26.0
1,PL041,24.0,0.55172414,29.448276,60.0,24.0
2,PL041,9.9655172,3.1570881,35.877395,60.0,24.0
3,PL041,17.042146,0.0,36.923372,60.0,24.0
4,PL041,24.0,0.0,39.042146,60.0,24.0
5,PL041,15.639847,0.0,40.360153,60.0,24.0
6,PL041,16.574713,0.0,39.065134,60.0,24.0
7,PL041,24.0,0.0,24.574713,60.0,24.0
1,PL042,40.835165,0.0,30.164835,60.0,50.0
2,PL042,38.289377,0.0,43.545788,60.0,50.0
3,PL042,39.003663,0.0,43.285714,60.0,50.0
4,PL042,37.267399,0.0,41.736264,60.0,50.0
5,PL042,34.604396,0.0,40.663004,60.0,50.0
6,PL042,27.153846,0.0,35.450549,60.0,50.0
7,PL042,50.0,0.0,14.153846,60.0,50.0
1,PL043,41.555556,0.0,19.444444,60.0,51.0
2,PL043,43.012346,0.0,35.54321,60.0,51.0
3,PL043,42.444444,0.0,35.567901,60.0,51.0
4,PL043,46.654321,0.0,37.790123,60.0,51.0
5,PL043,43.209877,0.0,36.444444,60.0,51.0
6,PL043,40.666667,0.0,37.54321,60.0,51.0
7,PL043,51.0,0.0,15.666667,60.0,51.0
1,PL044,33.367816,0.0,22.632184,60.0,58.0
2,PL044,42.283525,0.0,37.084291,60.0,58.0
3,PL044,29.908046,0.0,34.375479,60.0,58.0
4,PL044,36.084291,0.0,35.823755,60.0,58.0
5,PL044,37.56705,0.0,33.517241,60.0,58.0
6,PL044,38.796935,0.0,38.770115,60.0,58.0
7,PL044,58.0,0.0,23.796935,60.0,58.0
1,PL045,22.098901,8.3186813,26.582418,60.0,32.0
2,PL045,22.249084,0.0,40.849817,60.0,32.0
3,PL045,12.761905,0.0,36.487179,60.0,32.0
4,PL045,15.29304,0.0,35.468864,60.0,32.0
5,PL045,14.3663,0.0,31.92674,60.0,32.0
6,PL045,16.688645,0.0,35.677656,60.0,32.0
7,PL045,32.0,0.0,41.688645,60.0,32.0
1,PL046,33.441065,3.5171103,17.041825,60.0,49.0
2,PL046,41.790875,0.0,30.65019,60.0,49.0
3,PL046,46.912548,0.0,34.878327,60.0,49.0
4,PL046,46.585551,0.0,39.326996,60.0,49.0
5,PL046,49.0,0.0,40.585551,60.0,49.0
6,PL046,48.387833,0.0,40.612167,60.0,49.0
7,PL046,49.0,0.0,34.387833,60.0,49.0
1,PL047,55.180851,0.0,22.819149,60.0,73.0
2,PL047,61.085106,0.0,36.095745,60.0,73.0
3,PL047,63.205674,0.0,38.879433,60.0,73.0
4,PL047,61.585106,0.0,40.620567,60.0,73.0
5,PL047,63.592199,0.0,40.992908,60.0,73.0
6,PL047,63.514184,0.0,41.078014,60.0,73.0
7,PL047,73.0,0.0,33.514184,60.0,73.0
1,PL048,21.0,3.0437956,31.956204,60.0,21.0
2,PL048,15.773723,0.0,41.226277,60.0,21.0
3,PL048,17.50365,0.0,40.270073,60.0,21.0
4,PL048,15.879562,0.0,38.624088,60.0,21.0
5,PL048,9.9379562,0.0,35.941606,60.0,21.0
6,PL048,13.90146,0.0,35.036496,60.0,21.0
7,PL048,21.0,0.0,38.90146,60.0,21.0
1,PL049,44.116418,0.0,29.883582,60.0,47.0
2,PL049,42.901493,0.0,46.214925,60.0,47.0
3,PL049,45.561194,0.0,47.340299,60.0,47.0
4,PL049,42.632836,0.0,45.928358,60.0,47.0
5,PL049,46.453731,0.0,48.179104,60.0,47.0
6,PL049,47.0,0.0,47.453731,60.0,47.0
7,PL049,47.0,0.0,50.0,60.0,47.0
1,PL050,19.333333,6.0262172,27.640449,60.0,22.0
2,PL050,22.0,0.0,42.333333,60.0,22.0
3,PL050,15.303371,0.0,39.696629,60.0,22.0
4,PL050,12.726592,0.0,37.576779,60.0,22.0
5,PL050,14.044944,0.0,34.681648,60.0,22.0
6,PL050,19.037453,0.0,38.007491,60.0,22.0
7,PL050,22.0,0.0,31.037453,60.0,22.0
1,PL051,44.475,2.6178571,25.907143,60.0,52.0
2,PL051,52.0,0.0,42.475,60.0,52.0
3,PL051,47.635714,0.0,42.364286,60.0,52.0
4,PL051,51.032143,0.0,45.603571,60.0,52.0
5,PL051,43.939286,0.0,40.092857,60.0,52.0
6,PL051,37.935714,0.0,38.003571,60.0,52.0
7,PL051,52.0,0.0,24.935714,60.0,52.0
1,PL052,22.388489,7.4388489,28.172662,60.0,28.0
2,PL052,20.338129,0.0,43.05036,60.0,28.0
3,PL052,15.841727,0.0,40.496403,60.0,28.0
4,PL052,14.043165,0.0,37.798561,60.0,28.0
5,PL052,9.942446,0.0,34.100719,60.0,28.0
6,PL052,9.8345324,0.0,33.107914,60.0,28.0
7,PL052,28.0,0.0,39.834532,60.0,28.0
1,PL053,52.365188,0.0,30.634812,60.0,73.0
2,PL053,47.587031,0.0,41.778157,60.0,73.0
3,PL053,48.191126,0.0,40.395904,60.0,73.0
4,PL053,52.136519,0.0,41.054608,60.0,73.0
5,PL053,49.255973,0.0,41.880546,60.0,73.0
6,PL053,47.433447,0.0,40.822526,60.0,73.0
7,PL053,73.0,0.0,22.433447,60.0,73.0
1,PL054,29.0,0.22262774,27.777372,60.0,29.0
2,PL054,19.985401,0.0,39.014599,60.0,29.0
3,PL054,24.39781,0.0,38.587591,60.0,29.0
4,PL054,29.0,0.0,38.39781,60.0,29.0
5,PL054,26.919708,0.0,42.080292,60.0,29.0
6,PL054,23.083942,0.0,39.835766,60.0,29.0
7,PL054,29.0,0.0,33.083942,60.0,29.0
1,PL055,69.818182,0.0,23.181818,60.0,90.0
2,PL055,72.545455,0.0,37.272727,60.0,90.0
3,PL055,72.606061,0.0,37.939394,60.0,90.0
4,PL055,75.30303,0.0,40.30303,60.0,90.0
5,PL055,74.356061,0.0,39.94697,60.0,90.0
6,PL055,72.931818,0.0,40.424242,60.0,90.0
7,PL055,90.0,0.0,11.931818,60.0,90.0
1,PL056,37.079848,0.0,29.920152,60.0,44.0
2,PL056,31.39924,0.0,39.680608,60.0,44.0
3,PL056,30.555133,0.0,37.844106,60.0,44.0
4,PL056,35.885932,0.0,38.669202,60.0,44.0
5,PL056,31.072243,0.0,37.813688,60.0,44.0
6,PL056,25.201521,0.0,34.870722,60.0,44.0
7,PL056,44.0,0.0,24.201521,60.0,44.0
1,PL057,66.027875,0.0,29.972125,60.0,93.0
2,PL057,71.658537,0.0,48.369338,60.0,93.0
3,PL057,58.25784,0.0,44.400697,60.0,93.0
4,PL057,54.466899,0.0,40.790941,60.0,93.0
5,PL057,54.445993,0.0,34.020906,60.0,93.0
6,PL057,65.365854,0.0,40.080139,60.0,93.0
7,PL057,93.0,0.0,6.3658537,60.0,93.0
1,PL058,63.027875,0.0,29.972125,60.0,92.0
2,PL058,64.358885,0.0,46.66899,60.0,92.0
3,PL058,59.731707,0.0,44.627178,60.0,92.0
4,PL058,54.28223,0.0,41.449477,60.0,92.0
5,PL058,53.554007,0.0,37.728223,60.0,92.0
6,PL058,60.557491,0.0,39.996516,60.0,92.0
7,PL058,92.0,0.0,1.5574913,60.0,92.0
1,PL059,34.518771,0.0,27.481229,60.0,38.0
2,PL059,35.194539,0.0,44.324232,60.0,38.0
3,PL059,31.515358,0.0,42.679181,60.0,38.0
4,PL059,26.559727,0.0,39.955631,60.0,38.0
5,PL059,28.43686,0.0,38.122867,60.0,38.0
6,PL059,35.720137,0.0,40.716724,60.0,38.0
7,PL059,38.0,0.0,39.720137,60.0,38.0
1,PL060,56.859779,0.0,28.140221,60.0,98.0
2,PL060,48.904059,0.0,37.95572,60.0,98.0
3,PL060,58.472325,0.0,38.431734,60.0,98.0
4,PL060,51.822878,0.0,37.649446,60.0,98.0
5,PL060,55.892989,0.0,39.929889,60.0,98.0
6,PL060,56.354244,0.0,38.538745,60.0,98.0
7,PL060,94.354244,0.0,0.0,60.0,98.0
1,PL061,41.194631,0.0,30.805369,60.0,65.0
2,PL061,38.604027,0.0,43.590604,60.0,65.0
3,PL061,38.637584,0.0,42.966443,60.0,65.0
4,PL061,36.677852,0.0,40.959732,60.0,65.0
5,PL061,35.416107,0.0,40.261745,60.0,65.0
6,PL061,42.540268,0.0,42.875839,60.0,65.0
7,PL061,65.0,0.0,18.540268,60.0,65.0
1,PL062,7.2040134,17.759197,25.036789,60.0,22.0
2,PL062,15.230769,0.0,41.973244,60.0,22.0
3,PL062,22.0,0.0,47.230769,60.0,22.0
4,PL062,21.35786,0.0,51.64214,60.0,22.0
5,PL062,8.2943144,0.0,46.063545,60.0,22.0
6,PL062,10.180602,0.0,43.113712,60.0,22.0
7,PL062,22.0,0.0,16.180602,60.0,22.0
1,PL063,29.421429,0.0,24.578571,60.0,41.0
2,PL063,32.803571,0.0,38.617857,60.0,41.0
3,PL063,34.482143,0.0,40.321429,60.0,41.0
4,PL063,34.5,0.0,41.982143,60.0,41.0
5,PL063,29.3,0.0,39.2,60.0,41.0
6,PL063,31.814286,0.0,39.485714,60.0,41.0
7,PL063,41.0,0.0,31.814286,60.0,41.0
1,PL064,48.340909,0.0,19.659091,60.0,80.0
2,PL064,50.94697,0.0,31.393939,60.0,80.0
3,PL064,60.143939,0.0,36.80303,60.0,80.0
4,PL064,68.189394,0.0,43.954545,60.0,80.0
5,PL064,59.181818,0.0,44.007576,60.0,80.0
6,PL064,51.367424,0.0,39.814394,60.0,80.0
7,PL064,80.0,0.0,6.3674242,60.0,80.0
1,PL065,29.136842,0.0,21.863158,60.0,39.0
2,PL065,29.610526,5.5894737,33.936842,60.0,39.0
3,PL065,39.0,0.0,40.610526,60.0,39.0
4,PL065,38.578947,0.0,45.421053,60.0,39.0
5,PL065,31.715789,0.0,43.863158,60.0,39.0
6,PL065,27.336842,0.0,38.378947,60.0,39.0
7,PL065,39.0,0.0,36.336842,60.0,39.0
1,PL066,44.648148,0.0,25.351852,60.0,61.0
2,PL066,42.625926,0.0,36.022222,60.0,61.0
3,PL066,44.377778,0.0,36.248148,60.0,61.0
4,PL066,42.266667,0.0,35.111111,60.0,61.0
5,PL066,46.759259,0.0,37.507407,60.0,61.0
6,PL066,52.288889,0.0,40.47037,60.0,61.0
7,PL066,61.0,0.0,31.288889,60.0,61.0
1,PL067,31.333333,3.9641577,28.702509,60.0,36.0
2,PL067,36.0,0.0,46.333333,60.0,36.0
3,PL067,32.433692,0.0,45.566308,60.0,36.0
4,PL067,24.637993,0.0,42.795699,60.0,36.0
5,PL067,23.537634,0.0,38.100358,60.0,36.0
6,PL067,26.232975,0.0,37.304659,60.0,36.0
7,PL067,36.0,0.0,20.232975,60.0,36.0
1,PL068,43.428571,0.0,26.571429,60.0,65.0
2,PL068,39.729323,0.0,35.699248,60.0,65.0
3,PL068,46.556391,0.0,39.172932,60.0,65.0
4,PL068,46.451128,0.0,39.105263,60.0,65.0
5,PL068,43.112782,0.0,40.338346,60.0,65.0
6,PL068,44.977444,0.0,39.135338,60.0,65.0
7,PL068,65.0,0.0,12.977444,60.0,65.0
1,PL069,25.274021,0.0,24.725979,60.0,36.0
2,PL069,31.572954,0.0,39.701068,60.0,36.0
3,PL069,30.925267,0.0,40.647687,60.0,36.0
4,PL069,27.156584,0.0,40.768683,60.0,36.0
5,PL069,28.106762,0.0,39.049822,60.0,36.0
6,PL069,25.896797,0.0,37.209964,60.0,36.0
7,PL069,36.0,0.0,36.896797,60.0,36.0
1,PL070,64.930233,0.0,26.069767,60.0,93.0
2,PL070,59.472868,0.0,35.457364,60.0,93.0
3,PL070,54.914729,0.0,31.55814,60.0,93.0
4,PL070,64.205426,0.0,32.709302,60.0,93.0
5,PL070,63.457364,0.0,34.748062,60.0,93.0
6,PL070,71.178295,0.0,41.27907,60.0,93.0
7,PL070,93.0,0.0,16.178295,60.0,93.0
1,PL071,43.765152,0.0,32.234848,60.0,56.0
2,PL071,34.325758,0.0,41.439394,60.0,56.0
3,PL071,31.484848,0.0,36.840909,60.0,56.0
4,PL071,36.80303,0.0,35.681818,60.0,56.0
5,PL071,32.829545,0.0,35.973485,60.0,56.0
6,PL071,38.901515,0.0,38.92803,60.0,56.0
7,PL071,56.0,0.0,16.901515,60.0,56.0
1,PL072,46.0,0.0,26.0,60.0,64.0
2,PL072,49.496296,0.0,40.503704,60.0,64.0
3,PL072,43.788889,0.0,38.707407,60.0,64.0
4,PL072,46.844444,0.0,39.944444,60.0,64.0
5,PL072,45.444444,0.0,37.4,60.0,64.0
6,PL072,43.148148,0.0,38.296296,60.0,64.0
7,PL072,64.0,0.0,18.148148,60.0,64.0
1,PL073,47.690476,0.0,26.309524,60.0,69.0
2,PL073,47.06746,0.0,38.623016,60.0,69.0
3,PL073,39.888889,0.0,34.178571,60.0,69.0
4,PL073,46.900794,0.0,36.988095,60.0,69.0
5,PL073,43.087302,0.0,32.813492,60.0,69.0
6,PL073,45.68254,0.0,38.404762,60.0,69.0
7,PL073,69.0,0.0,10.68254,60.0,69.0
1,PL074,57.347826,0.0,29.652174,60.0,70.0
2,PL074,51.550725,0.0,41.797101,60.0,70.0
3,PL074,51.115942,0.0,39.434783,60.0,70.0
4,PL074,61.514493,0.0,41.601449,60.0,70.0
5,PL074,53.434783,0.0,43.07971,60.0,70.0
6,PL074,45.717391,0.0,39.717391,60.0,70.0
7,PL074,70.0,0.0,13.717391,60.0,70.0
1,PL075,48.307692,0.0,31.692308,60.0,93.0
2,PL075,43.132867,0.0,41.174825,60.0,93.0
3,PL075,50.597902,0.0,43.534965,60.0,93.0
4,PL075,46.384615,0.0,42.213287,60.0,93.0
5,PL075,43.395105,0.0,41.98951,60.0,93.0
6,PL075,48.84965,0.0,41.545455,60.0,93.0
7,PL075,79.84965,0.0,0.0,60.0,93.0
1,PL076,47.5,0.0,34.5,60.0,67.0
2,PL076,40.352564,0.0,49.147436,60.0,67.0
3,PL076,36.987179,0.0,45.365385,60.0,67.0
4,PL076,40.560897,0.0,43.426282,60.0,67.0
5,PL076,37.955128,0.0,43.605769,60.0,67.0
6,PL076,39.509615,0.0,44.445513,60.0,67.0
7,PL076,67.0,0.0,14.509615,60.0,67.0
1,PL077,37.309859,0.0,22.690141,60.0,53.0
2,PL077,37.309859,0.0,36.0,60.0,53.0
3,PL077,38.711268,0.0,36.598592,60.0,53.0
4,PL077,43.65493,0.0,39.056338,60.0,53.0
5,PL077,49.376761,0.0,43.278169,60.0,53.0
6,PL077,41.415493,0.0,42.961268,60.0,53.0
7,PL077,53.0,0.0,34.415493,60.0,53.0
1,PL078,58.072202,0.0,25.927798,60.0,77.0
2,PL078,53.870036,0.0,40.202166,60.0,77.0
3,PL078,52.974729,0.0,38.895307,60.0,77.0
4,PL078,50.938628,0.0,36.036101,60.0,77.0
5,PL078,52.209386,0.0,36.729242,60.0,77.0
6,PL078,61.444043,0.0,39.765343,60.0,77.0
7,PL078,77.0,0.0,24.444043,60.0,77.0
1,PL079,52.007663,0.0,21.992337,60.0,87.0
2,PL079,60.697318,0.0,38.310345,60.0,87.0
3,PL079,57.191571,0.0,39.505747,60.0,87.0
4,PL079,53.103448,0.0,40.088123,60.0,87.0
5,PL079,53.827586,0.0,36.275862,60.0,87.0
6,PL079,51.302682,0.0,35.524904,60.0,87.0
7,PL079,87.0,0.0,1.302682,60.0,87.0
1,PL080,52.963855,0.0,24.036145,60.0,80.0
2,PL080,53.811245,0.0,35.15261,60.0,80.0
3,PL080,52.710843,0.0,35.100402,60.0,80.0
4,PL080,57.036145,0.0,36.674699,60.0,80.0
5,PL080,50.738956,0.0,35.297189,60.0,80.0
6,PL080,49.835341,0.0,33.903614,60.0,80.0
7,PL080,80.0,0.0,10.835341,60.0,80.0
1,PL081,47.637037,0.0,37.362963,60.0,52.0
2,PL081,40.344444,0.0,48.292593,60.0,52.0
3,PL081,34.596296,0.0,42.748148,60.0,52.0
4,PL081,34.796296,0.0,38.8,60.0,52.0
5,PL081,30.718519,0.0,36.077778,60.0,52.0
6,PL081,26.759259,0.0,32.959259,60.0,52.0
7,PL081,52.0,0.0,14.759259,60.0,52.0
1,PL082,27.597173,0.0,23.402827,60.0,38.0
2,PL082,33.925795,0.0,39.671378,60.0,38.0
3,PL082,33.014134,0.0,40.911661,60.0,38.0
4,PL082,28.699647,0.0,41.314488,60.0,38.0
5,PL082,33.222615,0.0,40.477032,60.0,38.0
6,PL082,35.459364,0.0,41.763251,60.0,38.0
7,PL082,38.0,0.0,31.459364,60.0,38.0
1,PL083,52.638978,0.0,25.361022,60.0,89.0
2,PL083,55.476038,0.0,43.162939,60.0,89.0
3,PL083,60.607029,0.0,45.86901,60.0,89.0
4,PL083,56.204473,0.0,46.402556,60.0,89.0
5,PL083,89.0,0.0,26.204473,60.0,89.0
6,PL083,83.677316,0.0,47.322684,60.0,89.0
7,PL083,89.0,0.0,25.677316,60.0,89.0
1,PL084,40.844203,2.7101449,24.445652,60.0,49.0
2,PL084,48.536232,0.0,42.307971,60.0,49.0
3,PL084,37.956522,0.0,39.57971,60.0,49.0
4,PL084,49.0,0.0,44.956522,60.0,49.0
5,PL084,45.789855,0.0,40.210145,60.0,49.0
6,PL084,32.405797,0.0,41.384058,60.0,49.0
7,PL084,49.0,0.0,20.405797,60.0,49.0
1,PL085,9.334507,12.933099,25.732394,60.0,21.0
2,PL085,11.771127,0.0,37.56338,60.0,21.0
3,PL085,12.911972,0.0,38.859155,60.0,21.0
4,PL085,9.8661972,0.0,38.045775,60.0,21.0
5,PL085,15.75,0.0,41.116197,60.0,21.0
6,PL085,21.0,0.0,44.75,60.0,21.0
7,PL085,21.0,0.0,36.0,60.0,21.0
1,PL086,43.911439,0.0,28.088561,60.0,57.0
2,PL086,38.199262,0.0,41.712177,60.0,57.0
3,PL086,38.243542,0.0,39.95572,60.0,57.0
4,PL086,41.863469,0.0,39.380074,60.0,57.0
5,PL086,39.291513,0.0,40.571956,60.0,57.0
6,PL086,30.151292,0.0,37.140221,60.0,57.0
7,PL086,57.0,0.0,15.151292,60.0,57.0
1,PL087,19.561837,10.671378,23.766784,60.0,28.0
2,PL087,19.561837,0.0,38.0,60.0,28.0
3,PL087,28.0,0.0,41.561837,60.0,28.0
4,PL087,15.618375,0.0,38.381625,60.0,28.0
5,PL087,19.989399,0.0,40.628975,60.0,28.0
6,PL087,24.996466,0.0,36.992933,60.0,28.0
7,PL087,28.0,0.0,40.996466,60.0,28.0
1,PL088,47.875486,0.0,15.124514,60.0,75.0
2,PL088,59.583658,0.0,28.291829,60.0,75.0
3,PL088,68.159533,0.0,35.424125,60.0,75.0
4,PL088,64.708171,0.0,40.451362,60.0,75.0
5,PL088,64.377432,0.0,40.330739,60.0,75.0
6,PL088,64.027237,0.0,38.350195,60.0,75.0
7,PL088,75.0,0.0,24.027237,60.0,75.0
1,PL089,60.653199,0.0,31.346801,60.0,94.0
2,PL089,55.868687,0.0,46.784512,60.0,94.0
3,PL089,62.232323,0.0,48.636364,60.0,94.0
4,PL089,54.612795,0.0,44.619529,60.0,94.0
5,PL089,48.127946,0.0,43.484848,60.0,94.0
6,PL089,94.0,0.0,3.1279461,60.0,94.0
7,PL089,94.0,0.0,28.0,60.0,94.0
1,PL090,19.3,7.0137931,25.686207,60.0,25.0
2,PL090,22.234483,0.0,40.065517,60.0,25.0
3,PL090,23.6,0.0,41.634483,60.0,25.0
4,PL090,20.113793,0.0,41.486207,60.0,25.0
5,PL090,19.106897,0.0,40.006897,60.0,25.0
6,PL090,22.231034,0.0,39.875862,60.0,25.0
7,PL090,25.0,0.0,42.231034,60.0,25.0
1,PL091,36.191781,0.0,22.808219,60.0,50.0
2,PL091,34.842466,0.0,35.349315,60.0,50.0
3,PL091,42.205479,0.0,38.636986,60.0,50.0
4,PL091,47.277397,0.0,41.928082,60.0,50.0
5,PL091,46.969178,0.0,46.308219,60.0,50.0
6,PL091,41.205479,0.0,43.763699,60.0,50.0
7,PL091,50.0,0.0,36.205479,60.0,50.0
1,PL092,42.8125,0.0,24.1875,60.0,88.0
2,PL092,59.179687,0.0,20.632813,60.0,88.0
3,PL092,62.101562,0.0,38.078125,60.0,88.0
4,PL092,66.65625,0.0,41.445313,60.0,88.0
5,PL092,58.570312,0.0,39.085938,60.0,88.0
6,PL092,53.0,0.0,35.570312,60.0,88.0
7,PL092,88.0,0.0,0.0,60.0,88.0
1,PL093,24.445614,3.4877193,25.066667,60.0,33.0
2,PL093,30.603509,0.0,40.842105,60.0,33.0
3,PL093,24.087719,0.0,39.515789,60.0,33.0
4,PL093,26.849123,0.0,41.238596,60.0,33.0
5,PL093,24.435088,0.0,37.414035,60.0,33.0
6,PL093,22.740351,0.0,38.694737,60.0,33.0
7,PL093,33.0,0.0,40.740351,60.0,33.0
1,PL094,46.027668,0.0,19.972332,60.0,83.0
2,PL094,49.347826,0.0,32.679842,60.0,83.0
3,PL094,53.118577,0.0,35.229249,60.0,83.0
4,PL094,45.55336,0.0,33.565217,60.0,83.0
5,PL094,53.545455,0.0,37.007905,60.0,83.0
6,PL094,55.656126,0.0,35.889328,60.0,83.0
7,PL094,83.0,0.0,10.656126,60.0,83.0
1,PL095,56.247312,0.0,30.752688,60.0,66.0
2,PL095,58.885305,0.0,45.362007,60.0,66.0
3,PL095,54.81362,0.0,44.071685,60.0,66.0
4,PL095,50.426523,0.0,41.387097,60.0,66.0
5,PL095,52.16129,0.0,39.265233,60.0,66.0
6,PL095,52.706093,0.0,39.455197,60.0,66.0
7,PL095,66.0,0.0,15.706093,60.0,66.0
1,PL096,49.714286,0.0,39.285714,60.0,84.0
2,PL096,40.69103,0.0,50.023256,60.0,84.0
3,PL096,33.468439,0.0,43.222591,60.0,84.0
4,PL096,37.840532,0.0,40.627907,60.0,84.0
5,PL096,48.285714,0.0,33.554817,60.0,84.0
6,PL096,48.0,0.0,44.285714,60.0,84.0
7,PL096,84.0,0.0,0.0,60.0,84.0
1,PL097,45.940594,0.0,30.059406,60.0,60.0
2,PL097,48.831683,0.0,47.108911,60.0,60.0
3,PL097,46.60396,0.0,47.227723,60.0,60.0
4,PL097,34.029703,0.0,42.574257,60.0,60.0
5,PL097,35.336634,0.0,37.693069,60.0,60.0
6,PL097,44.237624,0.0,38.09901,60.0,60.0
7,PL097,60.0,0.0,30.237624,60.0,60.0
1,PL098,29.0,0.0,30.0,60.0,29.0
2,PL098,21.043956,0.0,40.956044,60.0,29.0
3,PL098,20.358974,0.0,38.684982,60.0,29.0
4,PL098,27.992674,0.0,39.3663,60.0,29.0
5,PL098,23.03663,0.0,39.956044,60.0,29.0
6,PL098,12.406593,0.0,35.630037,60.0,29.0
7,PL098,29.0,0.0,33.406593,60.0,29.0
1,PL099,60.843866,0.0,30.156134,60.0,68.0
2,PL099,60.843866,0.0,48.0,60.0,68.0
3,PL099,54.263941,0.0,44.579926,60.0,68.0
4,PL099,48.572491,0.0,40.69145,60.0,68.0
5,PL099,50.747212,0.0,37.825279,60.0,68.0
6,PL099,51.289963,0.0,37.457249,60.0,68.0
7,PL099,68.0,0.0,5.2899628,60.0,68.0
1,PL100,54.498221,0.0,27.501779,60.0,95.0
2,PL100,55.850534,0.0,42.647687,60.0,95.0
3,PL100,54.512456,0.0,42.338078,60.0,95.0
4,PL100,48.743772,0.0,39.768683,60.0,95.0
5,PL100,55.117438,0.0,40.626335,60.0,95.0
6,PL100,58.0,0.0,33.117438,60.0,95.0
7,PL100,95.0,0.0,0.0,60.0,95.0
1,PL101,20.512097,8.3991935,17.08871,60.0,41.0
2,PL101,21.907258,0.0,26.604839,60.0,41.0
3,PL101,25.383065,0.0,28.524194,60.0,41.0
4,PL101,33.032258,0.0,33.350806,60.0,41.0
5,PL101,41.0,0.0,40.032258,60.0,41.0
6,PL101,40.608871,0.0,44.391129,60.0,41.0
7,PL101,41.0,0.0,28.608871,60.0,41.0
1,PL102,20.0,6.697417,26.302583,60.0,20.0
2,PL102,12.96679,0.0,41.03321,60.0,20.0
3,PL102,11.822878,0.0,39.143911,60.0,20.0
4,PL102,19.151292,0.0,38.671587,60.0,20.0
5,PL102,14.468635,0.0,39.682657,60.0,20.0
6,PL102,20.0,0.0,34.468635,60.0,20.0
7,PL102,20.0,0.0,34.0,60.0,20.0
1,PL103,19.317568,5.5878378,28.094595,60.0,23.0
2,PL103,12.560811,0.0,38.756757,60.0,23.0
3,PL103,19.385135,0.0,40.175676,60.0,23.0
4,PL103,23.0,0.0,41.385135,60.0,23.0
5,PL103,20.986486,0.0,45.013514,60.0,23.0
6,PL103,21.0,0.0,43.986486,60.0,23.0
7,PL103,23.0,0.0,41.0,60.0,23.0
1,PL104,52.929368,0.0,24.070632,60.0,86.0
2,PL104,54.319703,0.0,37.609665,60.0,86.0
3,PL104,51.542751,0.0,36.776952,60.0,86.0
4,PL104,45.624535,0.0,33.918216,60.0,86.0
5,PL104,60.211896,0.0,37.412639,60.0,86.0
6,PL104,59.561338,0.0,39.650558,60.0,86.0
7,PL104,86.0,0.0,13.561338,60.0,86.0
1,PL105,65.496552,0.0,24.503448,60.0,78.0
2,PL105,70.47931,0.0,40.017241,60.0,78.0
3,PL105,70.193103,0.0,41.286207,60.0,78.0
4,PL105,62.558621,0.0,39.634483,60.0,78.0
5,PL105,75.289655,0.0,42.268966,60.0,78.0
6,PL105,73.031034,0.0,42.258621,60.0,78.0
7,PL105,78.0,0.0,34.031034,60.0,78.0
1,PL106,50.347826,0.0,17.652174,60.0,72.0
2,PL106,65.717391,0.0,33.630435,60.0,72.0
3,PL106,61.036232,0.0,36.681159,60.0,72.0
4,PL106,65.0,0.0,42.036232,60.0,72.0
5,PL106,70.173913,0.0,40.826087,60.0,72.0
6,PL106,67.978261,0.0,45.195652,60.0,72.0
7,PL106,72.0,0.0,27.978261,60.0,72.0
1,PL107,51.191489,0.0,26.808511,60.0,57.0
2,PL107,50.539007,0.0,39.652482,60.0,57.0
3,PL107,55.429078,0.0,42.109929,60.0,57.0
4,PL107,50.890071,0.0,40.539007,60.0,57.0
5,PL107,44.0,0.0,37.890071,60.0,57.0
6,PL107,51.485816,0.0,37.514184,60.0,57.0
7,PL107,57.0,0.0,38.485816,60.0,57.0
1,PL108,46.037037,0.0,26.962963,60.0,78.0
2,PL108,47.414815,0.0,40.622222,60.0,78.0
3,PL108,49.444444,0.0,41.97037,60.0,78.0
4,PL108,46.651852,0.0,41.792593,60.0,78.0
5,PL108,38.822222,0.0,37.82963,60.0,78.0
6,PL108,35.888889,0.0,32.933333,60.0,78.0
7,PL108,78.0,0.0,2.8888889,60.0,78.0
1,PL109,46.413043,0.0,23.586957,60.0,88.0
2,PL109,54.456522,0.0,38.956522,60.0,88.0
3,PL109,53.677536,0.0,40.778986,60.0,88.0
4,PL109,49.384058,0.0,41.293478,60.0,88.0
5,PL109,49.746377,0.0,38.637681,60.0,88.0
6,PL109,53.07971,0.0,39.666667,60.0,88.0
7,PL109,88.0,0.0,0.079710145,60.0,88.0
1,PL110,43.465753,0.0,33.534247,60.0,61.0
2,PL110,40.821918,0.0,46.643836,60.0,61.0
3,PL110,41.599315,0.0,46.222603,60.0,61.0
4,PL110,40.520548,0.0,45.078767,60.0,61.0
5,PL110,33.006849,0.0,41.513699,60.0,61.0
6,PL110,31.976027,0.0,38.030822,60.0,61.0
7,PL110,61.0,0.0,8.9760274,60.0,61.0
1,PL111,67.69395,0.0,32.30605,60.0,81.0
2,PL111,66.950178,0.0,50.743772,60.0,81.0
3,PL111,55.427046,0.0,46.523132,60.0,81.0
4,PL111,50.672598,0.0,40.754448,60.0,81.0
5,PL111,48.064057,0.0,34.608541,60.0,81.0
6,PL111,48.085409,0.0,33.978648,60.0,81.0
7,PL111,81.0,0.0,10.085409,60.0,81.0
1,PL112,36.454545,0.0,34.545455,60.0,39.0
2,PL112,29.531469,0.0,47.923077,60.0,39.0
3,PL112,25.20979,0.0,44.321678,60.0,39.0
4,PL112,24.244755,0.0,39.965035,60.0,39.0
5,PL112,30.832168,0.0,43.412587,60.0,39.0
6,PL112,22.566434,0.0,39.265734,60.0,39.0
7,PL112,39.0,0.0,16.566434,60.0,39.0
1,PL113,46.962264,0.0,31.037736,60.0,53.0
2,PL113,45.664151,0.0,46.298113,60.0,53.0
3,PL113,41.739623,0.0,43.924528,60.0,53.0
4,PL113,32.25283,0.0,37.486792,60.0,53.0
5,PL113,30.773585,0.0,33.479245,60.0,53.0
6,PL113,27.588679,0.0,28.184906,60.0,53.0
7,PL113,53.0,0.0,22.588679,60.0,53.0
1,PL114,44.978417,0.0,28.021583,60.0,76.0
2,PL114,48.971223,0.0,43.007194,60.0,76.0
3,PL114,47.543165,0.0,43.428058,60.0,76.0
4,PL114,45.960432,0.0,43.582734,60.0,76.0
5,PL114,37.97482,0.0,37.985612,60.0,76.0
6,PL114,37.503597,0.0,35.471223,60.0,76.0
7,PL114,76.0,0.0,2.5035971,60.0,76.0
1,PL115,25.575875,5.229572,20.194553,60.0,39.0
2,PL115,32.346304,0.0,33.229572,60.0,39.0
3,PL115,39.0,0.0,38.346304,60.0,39.0
4,PL115,29.801556,0.0,38.198444,60.0,39.0
5,PL115,35.404669,0.0,39.396887,60.0,39.0
6,PL115,25.7393,0.0,32.66537,60.0,39.0
7,PL115,39.0,0.0,31.7393,60.0,39.0
1,PL116,27.378092,0.0,28.621908,60.0,28.0
2,PL116,24.766784,0.0,43.611307,60.0,28.0
3,PL116,13.614841,0.0,38.151943,60.0,28.0
4,PL116,20.971731,0.0,37.64311,60.0,28.0
5,PL116,26.780919,0.0,38.190813,60.0,28.0
6,PL116,16.091873,0.0,39.689046,60.0,28.0
7,PL116,28.0,0.0,40.091873,60.0,28.0
1,PL117,28.585106,0.0,21.414894,60.0,46.0
2,PL117,37.390071,0.0,37.195035,60.0,46.0
3,PL117,39.244681,0.0,40.14539,60.0,46.0
4,PL117,36.485816,0.0,42.758865,60.0,46.0
5,PL117,37.138298,0.0,41.347518,60.0,46.0
6,PL117,35.131206,0.0,40.007092,60.0,46.0
7,PL117,46.0,0.0,30.131206,60.0,46.0
1,PL118,42.866667,0.0,24.133333,60.0,65.0
2,PL118,44.955556,0.0,36.911111,60.0,65.0
3,PL118,46.640741,0.0,38.314815,60.0,65.0
4,PL118,37.918519,0.0,35.722222,60.0,65.0
5,PL118,44.774074,0.0,36.144444,60.0,65.0
6,PL118,46.566667,0.0,36.207407,60.0,65.0
7,PL118,65.0,0.0,28.566667,60.0,65.0
1,PL119,52.266667,0.0,24.733333,60.0,65.0
2,PL119,49.511111,0.0,40.755556,60.0,65.0
3,PL119,48.555556,0.0,39.955556,60.0,65.0
4,PL119,51.033333,0.0,39.522222,60.0,65.0
5,PL119,48.133333,0.0,38.9,60.0,65.0
6,PL119,42.222222,0.0,36.911111,60.0,65.0
7,PL119,65.0,0.0,19.222222,60.0,65.0
1,PL120,6.6518519,10.37037,19.977778,60.0,22.0
2,PL120,13.133333,0.0,32.518519,60.0,22.0
3,PL120,12.355556,0.0,33.777778,60.0,22.0
4,PL120,11.137037,0.0,35.218519,60.0,22.0
5,PL120,18.577778,0.0,37.559259,60.0,22.0
6,PL120,22.0,0.0,41.577778,60.0,22.0
7,PL120,22.0,0.0,45.0,60.0,22.0
1,PL121,48.551724,0.0,23.448276,60.0,82.0
2,PL121,51.980843,0.0,37.570881,60.0,82.0
3,PL121,47.551724,0.0,36.429119,60.0,82.0
4,PL121,48.528736,0.0,37.022989,60.0,82.0
5,PL121,49.934866,0.0,35.59387,60.0,82.0
6,PL121,50.957854,0.0,37.977011,60.0,82.0
7,PL121,82.0,0.0,6.9578544,60.0,82.0
1,PL122,28.178295,1.2868217,23.534884,60.0,37.0
2,PL122,34.573643,0.0,36.604651,60.0,37.0
3,PL122,33.604651,0.0,37.968992,60.0,37.0
4,PL122,37.0,0.0,41.604651,60.0,37.0
5,PL122,26.503876,0.0,35.496124,60.0,37.0
6,PL122,29.72093,0.0,35.782946,60.0,37.0
7,PL122,37.0,0.0,28.72093,60.0,37.0
1,PL123,22.097276,2.6692607,24.233463,60.0,29.0
2,PL123,21.568093,0.0,35.529183,60.0,29.0
3,PL123,17.225681,0.0,33.342412,60.0,29.0
4,PL123,23.961089,0.0,35.264591,60.0,29.0
5,PL123,20.155642,0.0,33.805447,60.0,29.0
6,PL123,29.0,0.0,40.155642,60.0,29.0
7,PL123,29.0,0.0,36.0,60.0,29.0
1,PL124,44.598361,0.0,28.401639,60.0,59.0
2,PL124,35.188525,0.0,37.409836,60.0,59.0
3,PL124,37.377049,0.0,35.811475,60.0,59.0
4,PL124,33.893443,0.0,31.483607,60.0,59.0
5,PL124,36.704918,0.0,34.188525,60.0,59.0
6,PL124,41.635246,0.0,35.069672,60.0,59.0
7,PL124,59.0,0.0,13.635246,60.0,59.0
1,PL125,51.854093,0.0,29.145907,60.0,72.0
2,PL125,43.516014,0.0,41.338078,60.0,72.0
3,PL125,42.829181,0.0,38.686833,60.0,72.0
4,PL125,50.213523,0.0,38.615658,60.0,72.0
5,PL125,43.843416,0.0,39.370107,60.0,72.0
6,PL125,44.24911,0.0,39.594306,60.0,72.0
7,PL125,72.0,0.0,18.24911,60.0,72.0
1,PL126,61.807692,0.0,24.192308,60.0,89.0
2,PL126,62.503846,0.0,37.303846,60.0,89.0
3,PL126,61.457692,0.0,37.046154,60.0,89.0
4,PL126,73.296154,0.0,42.161538,60.0,89.0
5,PL126,59.338462,0.0,38.957692,60.0,89.0
6,PL126,55.565385,0.0,37.773077,60.0,89.0
7,PL126,89.0,0.0,2.5653846,60.0,89.0
1,PL127,33.215278,8.0347222,23.75,60.0,48.0
2,PL127,38.576389,0.0,38.638889,60.0,48.0
3,PL127,48.0,0.0,44.576389,60.0,48.0
4,PL127,40.680556,0.0,45.319444,60.0,48.0
5,PL127,38.586806,0.0,45.09375,60.0,48.0
6,PL127,32.246528,0.0,37.340278,60.0,48.0
7,PL127,48.0,0.0,26.246528,60.0,48.0
1,PL128,57.55,0.0,31.45,60.0,87.0
2,PL128,52.013333,0.0,48.536667,60.0,87.0
3,PL128,51.086667,0.0,46.926667,60.0,87.0
4,PL128,50.07,0.0,44.016667,60.0,87.0
5,PL128,43.223333,0.0,41.846667,60.0,87.0
6,PL128,41.0,0.0,38.223333,60.0,87.0
7,PL128,87.0,0.0,0.0,60.0,87.0
1,PL129,20.575646,8.5867159,23.837638,60.0,28.0
2,PL129,17.487085,0.0,36.088561,60.0,28.0
3,PL129,21.435424,0.0,38.051661,60.0,28.0
4,PL129,28.0,0.0,40.435424,60.0,28.0
5,PL129,19.564576,0.0,39.435424,60.0,28.0
6,PL129,26.535055,0.0,44.02952,60.0,28.0
7,PL129,28.0,0.0,27.535055,60.0,28.0
1,PL130,43.824176,0.0,32.175824,60.0,59.0
2,PL130,40.417582,0.0,46.406593,60.0,59.0
3,PL130,31.956044,0.0,41.461538,60.0,59.0
4,PL130,42.285714,0.0,42.67033,60.0,59.0
5,PL130,31.846154,0.0,38.43956,60.0,59.0
6,PL130,32.461538,0.0,40.384615,60.0,59.0
7,PL130,59.0,0.0,0.46153846,60.0,59.0
1,PL131,59.416,0.0,17.584,60.0,95.0
2,PL131,60.128,0.0,28.288,60.0,95.0
3,PL131,64.06,0.0,30.068,60.0,95.0
4,PL131,76.6,0.0,36.46,60.0,95.0
5,PL131,74.348,0.0,40.252,60.0,95.0
6,PL131,61.712,0.0,38.636,60.0,95.0
7,PL131,95.0,0.0,12.712,60.0,95.0
1,PL132,62.683636,0.0,19.316364,60.0,93.0
2,PL132,65.723636,0.0,32.96,60.0,93.0
3,PL132,66.549091,0.0,34.174545,60.0,93.0
4,PL132,76.032727,0.0,38.516364,60.0,93.0
5,PL132,72.065455,0.0,39.967273,60.0,93.0
6,PL132,72.629091,0.0,42.436364,60.0,93.0
7,PL132,93.0,0.0,24.629091,60.0,93.0
1,PL133,46.410959,0.0,29.589041,60.0,73.0
2,PL133,47.753425,0.0,45.657534,60.0,73.0
3,PL133,39.041096,0.0,41.712329,60.0,73.0
4,PL133,40.958904,0.0,41.082192,60.0,73.0
5,PL133,39.013699,0.0,36.945205,60.0,73.0
6,PL133,41.643836,0.0,40.369863,60.0,73.0
7,PL133,73.0,0.0,14.643836,60.0,73.0
1,PL134,57.381944,0.0,27.618056,60.0,76.0
2,PL134,53.909722,0.0,39.472222,60.0,76.0
3,PL134,50.888889,0.0,37.020833,60.0,76.0
4,PL134,52.319444,0.0,35.569444,60.0,76.0
5,PL134,61.631944,0.0,39.6875,60.0,76.0
6,PL134,59.993056,0.0,42.638889,60.0,76.0
7,PL134,76.0,0.0,33.993056,60.0,76.0
1,PL135,43.233083,0.0,31.766917,60.0,46.0
2,PL135,29.87594,0.0,44.357143,60.0,46.0
3,PL135,29.977444,0.0,40.898496,60.0,46.0
4,PL135,26.593985,0.0,34.383459,60.0,46.0
5,PL135,29.977444,0.0,37.616541,60.0,46.0
6,PL135,27.296992,0.0,34.680451,60.0,46.0
7,PL135,46.0,0.0,21.296992,60.0,46.0
1,PL136,68.855019,0.0,25.144981,60.0,99.0
2,PL136,65.360595,0.0,36.494424,60.0,99.0
3,PL136,69.959108,0.0,37.401487,60.0,99.0
4,PL136,70.907063,0.0,38.052045,60.0,99.0
5,PL136,67.096654,0.0,38.810409,60.0,99.0
6,PL136,69.237918,0.0,37.858736,60.0,99.0
7,PL136,99.0,0.0,12.237918,60.0,99.0
1,PL137,38.709677,0.0,23.290323,60.0,47.0
2,PL137,44.473118,0.0,40.236559,60.0,47.0
3,PL137,43.247312,0.0,41.225806,60.0,47.0
4,PL137,36.602151,0.0,40.645161,60.0,47.0
5,PL137,44.365591,0.0,40.236559,60.0,47.0
6,PL137,39.698925,0.0,38.666667,60.0,47.0
7,PL137,47.0,0.0,31.698925,60.0,47.0
1,PL138,30.0,0.0,26.0,60.0,34.0
2,PL138,25.147727,0.0,36.852273,60.0,34.0
3,PL138,26.973485,0.0,36.174242,60.0,34.0
4,PL138,27.587121,0.0,35.386364,60.0,34.0
5,PL138,32.465909,0.0,39.121212,60.0,34.0
6,PL138,26.814394,0.0,37.651515,60.0,34.0
7,PL138,34.0,0.0,35.814394,60.0,34.0
1,PL139,25.992832,3.9749104,19.032258,60.0,42.0
2,PL139,41.921147,0.0,36.071685,60.0,42.0
3,PL139,42.0,0.0,40.921147,60.0,42.0
4,PL139,38.702509,0.0,45.297491,60.0,42.0
5,PL139,39.0681,0.0,41.634409,60.0,42.0
6,PL139,31.103943,0.0,38.964158,60.0,42.0
7,PL139,42.0,0.0,30.103943,60.0,42.0
1,PL140,57.401515,0.0,23.598485,60.0,80.0
2,PL140,59.356061,0.0,36.045455,60.0,80.0
3,PL140,56.424242,0.0,34.931818,60.0,80.0
4,PL140,66.848485,0.0,40.575758,60.0,80.0
5,PL140,61.310606,0.0,38.537879,60.0,80.0
6,PL140,56.75,0.0,39.560606,60.0,80.0
7,PL140,80.0,0.0,16.75,60.0,80.0
1,PL141,15.723485,7.9659091,22.310606,60.0,29.0
2,PL141,23.94697,0.0,35.776515,60.0,29.0
3,PL141,16.837121,0.0,34.109848,60.0,29.0
4,PL141,17.765152,0.0,35.07197,60.0,29.0
5,PL141,22.818182,0.0,34.94697,60.0,29.0
6,PL141,29.0,0.0,41.818182,60.0,29.0
7,PL141,29.0,0.0,38.0,60.0,29.0
1,PL142,18.814545,9.12,22.065455,60.0,32.0
2,PL142,20.832727,0.0,37.981818,60.0,32.0
3,PL142,19.352727,0.0,37.48,60.0,32.0
4,PL142,21.101818,0.0,39.250909,60.0,32.0
5,PL142,21.101818,0.0,38.0,60.0,32.0
6,PL142,32.0,0.0,45.101818,60.0,32.0
7,PL142,32.0,0.0,27.0,60.0,32.0
1,PL143,43.827957,0.0,21.172043,60.0,81.0
2,PL143,52.774194,0.0,37.053763,60.0,81.0
3,PL143,51.240143,0.0,38.53405,60.0,81.0
4,PL143,53.519713,0.0,42.72043,60.0,81.0
5,PL143,53.634409,0.0,40.885305,60.0,81.0
6,PL143,54.265233,0.0,43.369176,60.0,81.0
7,PL143,81.0,0.0,6.265233,60.0,81.0
1,PL144,17.33935,9.0974729,28.563177,60.0,20.0
2,PL144,16.086643,0.0,42.252708,60.0,20.0
3,PL144,14.711191,0.0,41.375451,60.0,20.0
4,PL144,20.0,0.0,42.711191,60.0,20.0
5,PL144,15.642599,0.0,42.357401,60.0,20.0
6,PL144,20.0,0.0,29.642599,60.0,20.0
7,PL144,20.0,0.0,33.0,60.0,20.0
1,PL145,28.307407,0.062962963,25.62963,60.0,30.0
2,PL145,20.307407,0.0,36.0,60.0,30.0
3,PL145,27.996296,0.0,38.311111,60.0,30.0
4,PL145,26.462963,0.0,35.533333,60.0,30.0
5,PL145,26.818519,0.0,40.644444,60.0,30.0
6,PL145,30.0,0.0,38.818519,60.0,30.0
7,PL145,30.0,0.0,39.0,60.0,30.0
1,PL146,33.919414,0.0,26.080586,60.0,45.0
2,PL146,29.201465,0.0,37.717949,60.0,45.0
3,PL146,28.113553,0.0,36.087912,60.0,45.0
4,PL146,27.461538,0.0,33.652015,60.0,45.0
5,PL146,35.527473,0.0,37.934066,60.0,45.0
6,PL146,37.355311,0.0,40.172161,60.0,45.0
7,PL146,45.0,0.0,36.355311,60.0,45.0
1,PL147,49.072993,0.0,25.927007,60.0,93.0
2,PL147,49.737226,0.0,37.335766,60.0,93.0
3,PL147,56.014599,0.0,40.722628,60.0,93.0
4,PL147,52.065693,0.0,40.948905,60.0,93.0
5,PL147,48.408759,0.0,39.656934,60.0,93.0
6,PL147,53.0,0.0,34.408759,60.0,93.0
7,PL147,93.0,0.0,0.0,60.0,93.0
1,PL148,55.083916,0.0,23.916084,60.0,98.0
2,PL148,56.573427,0.0,36.51049,60.0,98.0
3,PL148,53.835664,0.0,35.737762,60.0,98.0
4,PL148,58.982517,0.0,37.853147,60.0,98.0
5,PL148,60.958042,0.0,39.024476,60.0,98.0
6,PL148,67.821678,0.0,45.136364,60.0,98.0
7,PL148,98.0,0.0,12.821678,60.0,98.0
1,PL149,58.052632,0.0,30.947368,60.0,100.0
2,PL149,50.698246,0.0,45.354386,60.0,100.0
3,PL149,43.224561,0.0,40.473684,60.0,100.0
4,PL149,46.133333,0.0,37.091228,60.0,100.0
5,PL149,52.115789,0.0,39.017544,60.0,100.0
6,PL149,58.0,0.0,32.115789,60.0,100.0
7,PL149,100.0,0.0,0.0,60.0,100.0
1,PL150,26.612403,2.3875969,26.0,60.0,27.0
2,PL150,20.368217,0.0,36.244186,60.0,27.0
3,PL150,25.693798,0.0,36.674419,60.0,27.0
4,PL150,25.531008,0.0,36.162791,60.0,27.0
5,PL150,27.0,0.0,39.531008,60.0,27.0
6,PL150,25.197674,0.0,37.802326,60.0,27.0
7,PL150,27.0,0.0,32.197674,60.0,27.0
1,PL151,58.224913,0.0,28.775087,60.0,89.0
2,PL151,59.629758,0.0,44.595156,60.0,89.0
3,PL151,55.937716,0.0,42.692042,60.0,89.0
4,PL151,61.66436,0.0,46.273356,60.0,89.0
5,PL151,51.107266,0.0,38.557093,60.0,89.0
6,PL151,45.352941,0.0,37.754325,60.0,89.0
7,PL151,89.0,0.0,4.3529412,60.0,89.0
1,PL152,57.571429,0.0,25.428571,60.0,93.0
2,PL152,57.010989,0.0,38.56044,60.0,93.0
3,PL152,58.772894,0.0,39.238095,60.0,93.0
4,PL152,64.289377,0.0,39.483516,60.0,93.0
5,PL152,60.065934,0.0,41.223443,60.0,93.0
6,PL152,58.0,0.0,40.065934,60.0,93.0
7,PL152,93.0,0.0,0.0,60.0,93.0
1,PL153,28.242537,0.0,25.757463,60.0,44.0
2,PL153,31.264925,0.0,39.977612,60.0,44.0
3,PL153,24.429104,0.0,37.835821,60.0,44.0
4,PL153,27.212687,0.0,38.216418,60.0,44.0
5,PL153,27.787313,0.0,36.425373,60.0,44.0
6,PL153,29.91791,0.0,39.869403,60.0,44.0
7,PL153,44.0,0.0,20.91791,60.0,44.0
1,PL154,35.665428,0.0,33.334572,60.0,43.0
2,PL154,28.304833,0.0,45.360595,60.0,43.0
3,PL154,22.780669,0.0,40.524164,60.0,43.0
4,PL154,23.159851,0.0,36.620818,60.0,43.0
5,PL154,25.137546,0.0,37.022305,60.0,43.0
6,PL154,24.438662,0.0,37.698885,60.0,43.0
7,PL154,43.0,0.0,15.438662,60.0,43.0
1,PL155,72.184669,0.0,29.815331,60.0,99.0
2,PL155,65.12892,0.0,39.055749,60.0,99.0
3,PL155,69.616725,0.0,39.512195,60.0,99.0
4,PL155,75.222997,0.0,41.393728,60.0,99.0
5,PL155,74.874564,0.0,45.348432,60.0,99.0
6,PL155,99.0,0.0,13.874564,60.0,99.0
7,PL155,99.0,0.0,38.0,60.0,99.0
1,PL156,32.130742,0.0,30.869258,60.0,35.0
2,PL156,32.130742,0.0,48.0,60.0,35.0
3,PL156,24.074205,0.0,44.056537,60.0,35.0
4,PL156,17.777385,0.0,39.29682,60.0,35.0
5,PL156,18.04947,0.0,34.727915,60.0,35.0
6,PL156,26.819788,0.0,38.229682,60.0,35.0
7,PL156,35.0,0.0,27.819788,60.0,35.0
1,PL157,22.0,9.6325758,31.367424,60.0,22.0
2,PL157,9.0454545,0.0,42.954545,60.0,22.0
3,PL157,8.344697,0.0,39.700758,60.0,22.0
4,PL157,12.265152,0.0,36.079545,60.0,22.0
5,PL157,8.5340909,0.0,37.731061,60.0,22.0
6,PL157,9.7840909,0.0,37.75,60.0,22.0
7,PL157,22.0,0.0,20.784091,60.0,22.0
1,PL158,51.333333,0.0,21.666667,60.0,75.0
2,PL158,54.131868,0.0,36.201465,60.0,75.0
3,PL158,51.457875,0.0,35.673993,60.0,75.0
4,PL158,51.970696,0.0,36.487179,60.0,75.0
5,PL158,52.794872,0.0,35.175824,60.0,75.0
6,PL158,60.809524,0.0,39.985348,60.0,75.0
7,PL158,75.0,0.0,30.809524,60.0,75.0
1,PL159,39.312727,0.0,26.687273,60.0,40.0
2,PL159,30.334545,2.9890909,37.989091,60.0,40.0
3,PL159,33.181818,0.0,38.152727,60.0,40.0
4,PL159,38.985455,0.0,39.196364,60.0,40.0
5,PL159,38.385455,0.0,42.6,60.0,40.0
6,PL159,40.0,0.0,44.385455,60.0,40.0
7,PL159,40.0,0.0,28.0,60.0,40.0
1,PL160,50.478571,0.0,23.521429,60.0,86.0
2,PL160,48.478571,0.0,36.0,60.0,86.0
3,PL160,51.65,0.0,36.828571,60.0,86.0
4,PL160,50.271429,0.0,36.378571,60.0,86.0
5,PL160,52.735714,0.0,38.535714,60.0,86.0
6,PL160,62.010714,0.0,41.725,60.0,86.0
7,PL160,86.0,0.0,18.010714,60.0,86.0
1,PL161,26.129825,0.0,28.870175,60.0,29.0
2,PL161,17.238596,0.0,38.891228,60.0,29.0
3,PL161,21.315789,0.0,39.922807,60.0,29.0
4,PL161,21.684211,0.0,36.631579,60.0,29.0
5,PL161,21.182456,0.0,40.501754,60.0,29.0
6,PL161,24.754386,0.0,40.42807,60.0,29.0
7,PL161,29.0,0.0,41.754386,60.0,29.0
1,PL162,22.988889,2.5777778,26.433333,60.0,26.0
2,PL162,21.0,0.0,37.988889,60.0,26.0
3,PL162,26.0,0.0,40.0,60.0,26.0
4,PL162,21.607407,0.0,38.392593,60.0,26.0
5,PL162,22.040741,0.0,39.566667,60.0,26.0
6,PL162,22.648148,0.0,37.392593,60.0,26.0
7,PL162,26.0,0.0,34.648148,60.0,26.0
1,PL163,19.859155,8.8380282,20.302817,60.0,38.0
2,PL163,29.176056,0.0,35.683099,60.0,38.0
3,PL163,38.0,0.0,42.176056,60.0,38.0
4,PL163,33.415493,0.0,45.584507,60.0,38.0
5,PL163,27.302817,0.0,43.112676,60.0,38.0
6,PL163,33.68662,0.0,29.616197,60.0,38.0
7,PL163,38.0,0.0,38.68662,60.0,38.0
1,PL164,30.601423,0.0,28.398577,60.0,48.0
2,PL164,27.238434,0.0,40.362989,60.0,48.0
3,PL164,25.619217,0.0,38.619217,60.0,48.0
4,PL164,29.654804,0.0,38.964413,60.0,48.0
5,PL164,28.907473,0.0,39.747331,60.0,48.0
6,PL164,24.24911,0.0,38.658363,60.0,48.0
7,PL164,48.0,0.0,25.24911,60.0,48.0
1,PL165,34.813793,3.2172414,17.968966,60.0,64.0
2,PL165,40.110345,0.0,29.703448,60.0,64.0
3,PL165,41.462069,0.0,31.648276,60.0,64.0
4,PL165,50.724138,0.0,38.737931,60.0,64.0
5,PL165,51.106897,0.0,40.617241,60.0,64.0
6,PL165,50.089655,0.0,44.017241,60.0,64.0
7,PL165,64.0,0.0,49.089655,60.0,64.0
1,PL166,42.465909,2.8295455,21.704545,60.0,61.0
2,PL166,40.556818,0.0,28.909091,60.0,61.0
3,PL166,44.181818,0.0,30.375,60.0,61.0
4,PL166,48.026515,0.0,33.155303,60.0,61.0
5,PL166,47.583333,0.0,35.443182,60.0,61.0
6,PL166,57.212121,0.0,41.371212,60.0,61.0
7,PL166,61.0,0.0,46.212121,60.0,61.0
1,PL167,54.69863,0.0,29.30137,60.0,65.0
2,PL167,43.465753,0.0,41.232877,60.0,65.0
3,PL167,53.804795,0.0,42.660959,60.0,65.0
4,PL167,47.410959,0.0,38.393836,60.0,65.0
5,PL167,45.40411,0.0,42.006849,60.0,65.0
6,PL167,60.243151,0.0,42.160959,60.0,65.0
7,PL167,65.0,0.0,29.243151,60.0,65.0
1,PL168,30.747368,2.1368421,23.115789,60.0,43.0
2,PL168,38.705263,0.0,40.042105,60.0,43.0
3,PL168,43.0,0.0,43.705263,60.0,43.0
4,PL168,28.410526,0.0,40.589474,60.0,43.0
5,PL168,29.157895,0.0,38.252632,60.0,43.0
6,PL168,33.810526,0.0,34.347368,60.0,43.0
7,PL168,43.0,0.0,39.810526,60.0,43.0
1,PL169,30.490909,0.0,20.509091,60.0,49.0
2,PL169,37.490909,0.0,34.0,60.0,49.0
3,PL169,37.789091,0.0,35.701818,60.0,49.0
4,PL169,39.389091,0.0,39.4,60.0,49.0
5,PL169,37.152727,0.0,37.236364,60.0,49.0
6,PL169,44.163636,0.0,41.989091,60.0,49.0
7,PL169,49.0,0.0,38.163636,60.0,49.0
1,PL170,53.408027,0.0,33.591973,60.0,64.0
2,PL170,42.652174,0.0,48.755853,60.0,64.0
3,PL170,40.638796,0.0,46.013378,60.0,64.0
4,PL170,36.183946,0.0,38.454849,60.0,64.0
5,PL170,38.454849,0.0,40.729097,60.0,64.0
6,PL170,43.200669,0.0,40.254181,60.0,64.0
7,PL170,64.0,0.0,20.200669,60.0,64.0
1,PL171,52.139706,0.0,24.860294,60.0,61.0
2,PL171,50.904412,0.0,41.235294,60.0,61.0
3,PL171,52.172794,0.0,41.731618,60.0,61.0
4,PL171,49.220588,0.0,39.952206,60.0,61.0
5,PL171,48.867647,0.0,40.352941,60.0,61.0
6,PL171,47.985294,0.0,37.882353,60.0,61.0
7,PL171,61.0,0.0,19.985294,60.0,61.0
1,PL172,37.754717,0.0,23.245283,60.0,58.0
2,PL172,37.237736,0.0,34.516981,60.0,58.0
3,PL172,35.603774,0.0,33.633962,60.0,58.0
4,PL172,44.015094,0.0,37.588679,60.0,58.0
5,PL172,40.920755,0.0,37.09434,60.0,58.0
6,PL172,42.135849,0.0,40.784906,60.0,58.0
7,PL172,58.0,0.0,26.135849,60.0,58.0
1,PL173,39.29021,0.0,24.70979,60.0,71.0
2,PL173,48.062937,0.0,41.227273,60.0,71.0
3,PL173,41.583916,0.0,40.479021,60.0,71.0
4,PL173,37.618881,0.0,39.965035,60.0,71.0
5,PL173,47.055944,0.0,39.562937,60.0,71.0
6,PL173,43.276224,0.0,40.77972,60.0,71.0
7,PL173,71.0,0.0,15.276224,60.0,71.0
1,PL174,44.875,0.0,21.125,60.0,72.0
2,PL174,52.007576,0.0,35.867424,60.0,72.0
3,PL174,57.708333,0.0,40.299242,60.0,72.0
4,PL174,57.424242,0.0,44.284091,60.0,72.0
5,PL174,49.708333,0.0,41.715909,60.0,72.0
6,PL174,38.393939,0.0,34.314394,60.0,72.0
7,PL174,72.0,0.0,7.3939394,60.0,72.0
1,PL175,45.425676,0.0,35.574324,60.0,62.0
2,PL175,37.844595,0.0,49.581081,60.0,62.0
3,PL175,28.695946,0.0,43.148649,60.0,62.0
4,PL175,30.388514,0.0,39.307432,60.0,62.0
5,PL175,28.986486,0.0,36.402027,60.0,62.0
6,PL175,29.466216,0.0,38.52027,60.0,62.0
7,PL175,62.0,0.0,18.466216,60.0,62.0
1,PL176,40.018182,0.0,18.981818,60.0,62.0
2,PL176,46.978182,0.0,34.04,60.0,62.0
3,PL176,56.08,0.0,39.898182,60.0,62.0
4,PL176,52.058182,0.0,42.021818,60.0,62.0
5,PL176,49.283636,0.0,42.774545,60.0,62.0
6,PL176,48.752727,0.0,38.530909,60.0,62.0
7,PL176,62.0,0.0,25.752727,60.0,62.0
1,PL177,39.419672,0.0,34.580328,60.0,45.0
2,PL177,39.419672,0.0,53.0,60.0,45.0
3,PL177,34.852459,0.0,50.567213,60.0,45.0
4,PL177,28.504918,0.0,46.347541,60.0,45.0
5,PL177,23.809836,0.0,40.695082,60.0,45.0
6,PL177,27.639344,0.0,40.170492,60.0,45.0
7,PL177,45.0,0.0,15.639344,60.0,45.0
1,PL178,45.954064,0.0,26.045936,60.0,81.0
2,PL178,54.222615,0.0,43.731449,60.0,81.0
3,PL178,46.45583,0.0,40.766784,60.0,81.0
4,PL178,49.685512,0.0,44.770318,60.0,81.0
5,PL178,47.035336,0.0,38.650177,60.0,81.0
6,PL178,40.5053,0.0,38.530035,60.0,81.0
7,PL178,81.0,0.0,2.5053004,60.0,81.0
1,PL179,19.450185,3.701107,22.848708,60.0,25.0
2,PL179,25.0,0.0,38.450185,60.0,25.0
3,PL179,20.98524,0.0,38.01476,60.0,25.0
4,PL179,24.9631,0.0,41.02214,60.0,25.0
5,PL179,23.431734,0.0,38.531365,60.0,25.0
6,PL179,21.202952,0.0,40.228782,60.0,25.0
7,PL179,25.0,0.0,33.202952,60.0,25.0
1,PL180,58.975439,0.0,29.024561,60.0,77.0
2,PL180,55.624561,0.0,42.350877,60.0,77.0
3,PL180,54.592982,0.0,41.031579,60.0,77.0
4,PL180,52.252632,0.0,38.340351,60.0,77.0
5,PL180,50.221053,0.0,37.031579,60.0,77.0
6,PL180,57.922807,0.0,39.298246,60.0,77.0
7,PL180,77.0,0.0,24.922807,60.0,77.0
