day,locker_id,cleared_actual,overflow,S_end,capacity,clear_capacity
1,PL001,33.101045,1.8989547,30.0,30.0,60.0
2,PL001,45.505226,0.0,19.494774,30.0,60.0
3,PL001,44.264808,0.0,24.229965,30.0,60.0
4,PL001,40.672474,0.0,20.557491,30.0,60.0
5,PL001,42.254355,0.0,19.303136,30.0,60.0
6,PL001,39.348432,0.0,19.954704,30.0,60.0
7,PL001,24.954704,0.0,30.0,30.0,60.0
1,PL002,28.615108,0.0,30.384892,38.0,60.0
2,PL002,41.733813,0.0,27.651079,38.0,60.0
3,PL002,39.388489,0.0,24.26259,38.0,60.0
4,PL002,38.586331,0.0,26.676259,38.0,60.0
5,PL002,41.226619,0.0,32.44964,38.0,60.0
6,PL002,34.44964,0.0,38.0,38.0,60.0
7,PL002,32.0,0.0,38.0,38.0,60.0
1,PL003,26.710098,0.0,43.289902,55.0,60.0
2,PL003,40.508143,0.0,44.781759,55.0,60.0
3,PL003,43.889251,0.0,50.892508,55.0,60.0
4,PL003,46.697068,0.0,52.19544,55.0,60.0
5,PL003,49.915309,0.0,54.28013,55.0,60.0
6,PL003,35.28013,0.0,55.0,55.0,60.0
7,PL003,39.0,0.0,55.0,55.0,60.0
1,PL004,23.149254,0.0,45.850746,61.0,60.0
2,PL004,34.679104,0.0,49.171642,61.0,60.0
3,PL004,35.835821,0.0,49.335821,61.0,60.0
4,PL004,36.261194,0.0,48.074627,61.0,60.0
5,PL004,35.634328,0.0,48.440299,61.0,60.0
6,PL004,38.38806,0.0,54.052239,61.0,60.0
7,PL004,39.052239,0.0,61.0,61.0,60.0
1,PL005,27.972509,0.0,55.027491,73.0,60.0
2,PL005,39.958763,0.0,47.068729,73.0,60.0
3,PL005,40.749141,0.0,51.319588,73.0,60.0
4,PL005,37.570447,0.0,50.749141,73.0,60.0
5,PL005,42.271478,0.0,52.477663,73.0,60.0
6,PL005,42.123711,0.0,56.353952,73.0,60.0
7,PL005,26.353952,0.0,73.0,73.0,60.0
1,PL006,25.886926,0.0,47.113074,78.0,60.0
2,PL006,41.537102,0.0,54.575972,78.0,60.0
3,PL006,43.883392,0.0,55.69258,78.0,60.0
4,PL006,42.798587,0.0,48.893993,78.0,60.0
5,PL006,42.106007,0.0,51.787986,78.0,60.0
6,PL006,40.40636,0.0,51.381625,78.0,60.0
7,PL006,4.3816254,0.0,78.0,78.0,60.0
1,PL007,18.0,3.72,38.28,49.0,60.0
2,PL007,30.96,0.0,41.32,49.0,60.0
3,PL007,34.32,0.0,49.0,49.0,60.0
4,PL007,37.36,0.0,47.64,49.0,60.0
5,PL007,39.587368,0.0,49.0,49.0,60.0
6,PL007,36.581053,0.0,43.418947,49.0,60.0
7,PL007,26.418947,0.0,49.0,49.0,60.0
1,PL008,21.501976,0.0,51.498024,78.0,60.0
2,PL008,36.019763,0.0,56.478261,78.0,60.0
3,PL008,36.118577,0.0,53.359684,78.0,60.0
4,PL008,35.940711,0.0,50.418972,78.0,60.0
5,PL008,34.731225,0.0,54.687747,78.0,60.0
6,PL008,37.948617,0.0,59.73913,78.0,60.0
7,PL008,11.73913,0.0,78.0,78.0,60.0
1,PL009,25.658182,0.0,28.341818,40.0,60.0
2,PL009,34.690909,0.0,25.650909,40.0,60.0
3,PL009,35.767273,0.0,29.883636,40.0,60.0
4,PL009,40.974545,0.0,38.909091,40.0,60.0
5,PL009,44.509091,0.0,36.4,40.0,60.0
6,PL009,43.316364,0.0,32.083636,40.0,60.0
7,PL009,28.083636,0.0,40.0,40.0,60.0
1,PL010,38.357827,0.0,57.642173,89.0,60.0
2,PL010,53.399361,0.0,46.242812,89.0,60.0
3,PL010,48.28115,0.0,42.961661,89.0,60.0
4,PL010,44.271565,0.0,44.690096,89.0,60.0
5,PL010,42.498403,0.0,37.191693,89.0,60.0
6,PL010,1.1916933,0.0,89.0,89.0,60.0
7,PL010,34.0,0.0,89.0,89.0,60.0
1,PL011,32.432432,0.0,51.567568,66.0,60.0
2,PL011,46.905405,0.0,49.662162,66.0,60.0
3,PL011,43.054054,0.0,43.608108,66.0,60.0
4,PL011,44.337838,0.0,49.27027,66.0,60.0
5,PL011,44.689189,0.0,51.581081,66.0,60.0
6,PL011,43.22973,0.0,42.351351,66.0,60.0
7,PL011,11.351351,0.0,66.0,66.0,60.0
1,PL012,20.970588,0.0,59.029412,93.0,60.0
2,PL012,35.529412,0.0,68.5,93.0,60.0
3,PL012,39.176471,0.0,70.323529,93.0,60.0
4,PL012,41.970588,0.0,68.352941,93.0,60.0
5,PL012,41.294118,0.0,70.058824,93.0,60.0
6,PL012,41.058824,0.0,69.0,93.0,60.0
7,PL012,8.0,0.0,93.0,93.0,60.0
1,PL013,28.592834,0.0,57.407166,74.0,60.0
2,PL013,39.420195,0.0,51.986971,74.0,60.0
3,PL013,41.068404,0.0,58.918567,74.0,60.0
4,PL013,45.143322,0.0,66.775244,74.0,60.0
5,PL013,52.04886,0.0,69.726384,74.0,60.0
6,PL013,46.944625,0.0,54.781759,74.0,60.0
7,PL013,23.781759,0.0,74.0,74.0,60.0
1,PL014,29.622302,3.3776978,26.0,26.0,60.0
2,PL014,41.827338,0.0,20.172662,26.0,60.0
3,PL014,40.748201,0.0,20.42446,26.0,60.0
4,PL014,39.658273,0.0,22.766187,26.0,60.0
5,PL014,38.294964,0.0,16.471223,26.0,60.0
6,PL014,37.420863,0.0,17.05036,26.0,60.0
7,PL014,35.05036,0.0,26.0,26.0,60.0
1,PL015,29.037162,0.0,29.962838,33.0,60.0
2,PL015,44.118243,0.84797297,26.996622,33.0,60.0
3,PL015,41.006757,0.0,20.989865,33.0,60.0
4,PL015,38.364865,0.0,20.625,33.0,60.0
5,PL015,39.287162,0.0,27.337838,33.0,60.0
6,PL015,44.337838,0.0,33.0,33.0,60.0
7,PL015,40.0,0.0,33.0,33.0,60.0
1,PL016,30.454545,1.5454545,31.0,31.0,60.0
2,PL016,44.703704,0.0,30.296296,31.0,60.0
3,PL016,40.767677,2.9292929,18.599327,31.0,60.0
4,PL016,38.545455,0.0,21.053872,31.0,60.0
5,PL016,41.053872,0.0,31.0,31.0,60.0
6,PL016,44.508418,0.0,26.491582,31.0,60.0
7,PL016,39.491582,0.0,31.0,31.0,60.0
1,PL017,16.193182,3.0833333,51.723485,72.0,60.0
2,PL017,32.268939,0.0,63.454545,72.0,60.0
3,PL017,38.454545,0.0,72.0,72.0,60.0
4,PL017,40.587121,0.0,64.412879,72.0,60.0
5,PL017,43.670455,0.0,68.742424,72.0,60.0
6,PL017,35.44697,0.0,62.295455,72.0,60.0
7,PL017,28.295455,0.0,72.0,72.0,60.0
1,PL018,24.747331,0.0,38.252669,70.0,60.0
2,PL018,39.309609,0.0,40.94306,70.0,60.0
3,PL018,41.259786,0.0,43.683274,70.0,60.0
4,PL018,41.010676,0.0,39.672598,70.0,60.0
5,PL018,37.476868,0.0,33.19573,70.0,60.0
6,PL018,37.348754,0.0,39.846975,70.0,60.0
7,PL018,14.846975,0.0,70.0,70.0,60.0
1,PL019,33.734266,1.2657343,29.0,29.0,60.0
2,PL019,44.79021,0.0,23.20979,29.0,60.0
3,PL019,40.248252,0.0,17.961538,29.0,60.0
4,PL019,38.685315,0.0,21.276224,29.0,60.0
5,PL019,39.91958,0.0,23.356643,29.0,60.0
6,PL019,40.573427,0.0,20.783217,29.0,60.0
7,PL019,33.783217,0.0,29.0,29.0,60.0
1,PL020,29.172549,0.0,39.827451,56.0,60.0
2,PL020,41.568627,0.0,36.258824,56.0,60.0
3,PL020,37.317647,0.0,28.941176,56.0,60.0
4,PL020,33.717647,0.0,29.223529,56.0,60.0
5,PL020,33.286275,0.0,31.937255,56.0,60.0
6,PL020,35.643137,0.0,33.294118,56.0,60.0
7,PL020,14.294118,0.0,56.0,56.0,60.0
1,PL021,32.65035,0.0,54.34965,85.0,60.0
2,PL021,47.08042,0.0,56.269231,85.0,60.0
3,PL021,43.807692,0.0,49.461538,85.0,60.0
4,PL021,44.083916,0.0,52.377622,85.0,60.0
5,PL021,39.416084,0.0,46.961538,85.0,60.0
6,PL021,37.052448,0.0,41.909091,85.0,60.0
7,PL021,0.0,0.0,82.909091,85.0,60.0
1,PL022,22.771218,0.0,38.228782,54.0,60.0
2,PL022,36.468635,0.0,44.760148,54.0,60.0
3,PL022,38.859779,0.0,45.900369,54.0,60.0
4,PL022,45.092251,0.0,52.808118,54.0,60.0
5,PL022,40.99631,0.0,42.811808,54.0,60.0
6,PL022,42.365314,0.0,45.446494,54.0,60.0
7,PL022,18.446494,0.0,54.0,54.0,60.0
1,PL023,26.578767,0.0,32.421233,53.0,60.0
2,PL023,40.869863,0.0,36.55137,53.0,60.0
3,PL023,39.037671,0.0,29.513699,53.0,60.0
4,PL023,40.815068,0.0,35.69863,53.0,60.0
5,PL023,38.482877,0.0,32.215753,53.0,60.0
6,PL023,42.873288,0.0,37.342466,53.0,60.0
7,PL023,30.342466,0.0,53.0,53.0,60.0
1,PL024,23.310345,0.0,35.689655,46.0,60.0
2,PL024,40.666667,0.0,45.022989,46.0,60.0
3,PL024,39.731801,0.0,39.291188,46.0,60.0
4,PL024,41.639847,0.0,37.651341,46.0,60.0
5,PL024,35.885057,0.0,35.766284,46.0,60.0
6,PL024,36.114943,0.0,33.651341,46.0,60.0
7,PL024,20.651341,0.0,46.0,46.0,60.0
1,PL025,29.783051,0.0,51.216949,65.0,60.0
2,PL025,44.220339,0.0,47.99661,65.0,60.0
3,PL025,44.542373,0.0,49.454237,65.0,60.0
4,PL025,42.101695,0.0,47.352542,65.0,60.0
5,PL025,42.115254,0.0,45.237288,65.0,60.0
6,PL025,39.288136,0.0,43.949153,65.0,60.0
7,PL025,22.949153,0.0,65.0,65.0,60.0
1,PL026,21.238754,8.4532872,31.307958,50.0,60.0
2,PL026,37.408304,0.0,40.899654,50.0,60.0
3,PL026,43.899654,0.0,50.0,50.0,60.0
4,PL026,46.453287,0.0,42.546713,50.0,60.0
5,PL026,44.934256,0.0,39.612457,50.0,60.0
6,PL026,39.041522,0.0,36.570934,50.0,60.0
7,PL026,25.570934,0.0,50.0,50.0,60.0
1,PL027,28.729825,0.0,60.270175,99.0,60.0
2,PL027,43.189474,0.0,54.080702,99.0,60.0
3,PL027,40.378947,0.0,50.701754,99.0,60.0
4,PL027,39.185965,0.0,55.515789,99.0,60.0
5,PL027,39.498246,0.0,54.017544,99.0,60.0
6,PL027,41.814035,0.0,55.203509,99.0,60.0
7,PL027,0.0,0.0,95.203509,99.0,60.0
1,PL028,20.647273,0.0,50.352727,72.0,60.0
2,PL028,33.578182,0.0,49.774545,72.0,60.0
3,PL028,36.672727,0.0,57.101818,72.0,60.0
4,PL028,38.789091,0.0,59.312727,72.0,60.0
5,PL028,43.330909,0.0,60.981818,72.0,60.0
6,PL028,41.949091,0.0,59.032727,72.0,60.0
7,PL028,25.032727,0.0,72.0,72.0,60.0
1,PL029,25.237113,0.0,30.762887,43.0,60.0
2,PL029,34.896907,0.0,28.865979,43.0,60.0
3,PL029,41.986254,0.0,41.879725,43.0,60.0
4,PL029,41.068729,0.0,35.810997,43.0,60.0
5,PL029,43.185567,0.0,33.62543,43.0,60.0
6,PL029,41.412371,0.0,39.213058,43.0,60.0
7,PL029,40.213058,0.0,43.0,43.0,60.0
1,PL030,17.10687,2.8358779,39.057252,57.0,60.0
2,PL030,31.01145,0.0,49.045802,57.0,60.0
3,PL030,37.045802,0.0,57.0,57.0,60.0
4,PL030,42.89313,0.10687023,57.0,57.0,60.0
5,PL030,43.423664,0.0,55.576336,57.0,60.0
6,PL030,32.576336,0.0,57.0,57.0,60.0
7,PL030,30.0,0.0,57.0,57.0,60.0
1,PL031,27.40493,0.0,36.59507,39.0,60.0
2,PL031,40.211268,0.0,31.383803,39.0,60.0
3,PL031,41.387324,0.0,34.996479,39.0,60.0
4,PL031,39.978873,0.0,36.017606,39.0,60.0
5,PL031,42.102113,0.0,33.915493,39.0,60.0
6,PL031,42.454225,0.0,37.461268,39.0,60.0
7,PL031,32.461268,0.0,39.0,39.0,60.0
1,PL032,32.653465,0.0,64.346535,94.0,60.0
2,PL032,50.023102,0.0,63.323432,94.0,60.0
3,PL032,47.79868,0.0,58.524752,94.0,60.0
4,PL032,43.250825,0.0,52.273927,94.0,60.0
5,PL032,39.518152,0.0,50.755776,94.0,60.0
6,PL032,39.60066,0.0,55.155116,94.0,60.0
7,PL032,2.1551155,0.0,94.0,94.0,60.0
1,PL033,22.837838,0.0,49.162162,97.0,60.0
2,PL033,35.949807,0.0,51.212355,97.0,60.0
3,PL033,40.123552,0.0,59.088803,97.0,60.0
4,PL033,41.675676,0.0,56.413127,97.0,60.0
5,PL033,37.061776,0.0,42.351351,97.0,60.0
6,PL033,21.351351,0.0,57.0,97.0,60.0
7,PL033,0.0,0.0,97.0,97.0,60.0
1,PL034,20.375427,1.2764505,33.348123,52.0,60.0
2,PL034,32.150171,0.0,37.197952,52.0,60.0
3,PL034,37.078498,0.0,44.119454,52.0,60.0
4,PL034,39.535836,0.0,43.583618,52.0,60.0
5,PL034,46.583618,0.0,52.0,52.0,60.0
6,PL034,46.505119,0.0,51.494881,52.0,60.0
7,PL034,42.494881,0.0,52.0,52.0,60.0
1,PL035,29.630282,0.0,42.369718,55.0,60.0
2,PL035,44.65493,0.0,41.714789,55.0,60.0
3,PL035,42.271127,0.0,37.443662,55.0,60.0
4,PL035,40.394366,0.0,36.049296,55.0,60.0
5,PL035,38.658451,0.0,36.390845,55.0,60.0
6,PL035,41.070423,0.0,40.320423,55.0,60.0
7,PL035,19.320423,0.0,55.0,55.0,60.0
1,PL036,28.014235,0.0,50.985765,64.0,60.0
2,PL036,40.245552,0.0,49.740214,64.0,60.0
3,PL036,37.370107,0.0,45.370107,64.0,60.0
4,PL036,39.80427,0.0,51.565836,64.0,60.0
5,PL036,39.619217,0.0,51.946619,64.0,60.0
6,PL036,43.786477,0.0,53.160142,64.0,60.0
7,PL036,26.160142,0.0,64.0,64.0,60.0
1,PL037,23.727273,8.3474026,24.925325,41.0,60.0
2,PL037,39.779221,0.0,33.146104,41.0,60.0
3,PL037,42.019481,0.0,33.126623,41.0,60.0
4,PL037,45.935065,0.0,35.191558,41.0,60.0
5,PL037,40.600649,0.0,25.590909,41.0,60.0
6,PL037,43.094156,0.0,33.496753,41.0,60.0
7,PL037,44.496753,0.0,41.0,41.0,60.0
1,PL038,30.721429,0.0,45.278571,63.0,60.0
2,PL038,43.203571,0.0,39.075,63.0,60.0
3,PL038,39.989286,0.0,36.085714,63.0,60.0
4,PL038,35.135714,0.0,31.95,63.0,60.0
5,PL038,37.653571,0.0,40.296429,63.0,60.0
6,PL038,38.532143,0.0,39.764286,63.0,60.0
7,PL038,21.764286,0.0,63.0,63.0,60.0
1,PL039,26.444444,0.0,71.555556,83.0,60.0
2,PL039,45.367003,0.0,78.188552,83.0,60.0
3,PL039,42.909091,0.0,71.279461,83.0,60.0
4,PL039,42.262626,0.0,66.016835,83.0,60.0
5,PL039,34.946128,0.0,63.070707,83.0,60.0
6,PL039,40.922559,0.0,75.148148,83.0,60.0
7,PL039,37.148148,0.0,83.0,83.0,60.0
1,PL040,21.748062,10.515504,8.7364341,26.0,60.0
2,PL040,33.143411,0.0,13.593023,26.0,60.0
3,PL040,31.317829,0.0,5.2751938,26.0,60.0
4,PL040,32.682171,0.0,12.593023,26.0,60.0
5,PL040,31.864341,0.0,10.728682,26.0,60.0
6,PL040,38.189922,0.0,19.53876,26.0,60.0
7,PL040,42.53876,0.0,26.0,26.0,60.0
1,PL041,29.448276,0.55172414,24.0,24.0,60.0
2,PL041,35.877395,3.1570881,9.9655172,24.0,60.0
3,PL041,36.923372,0.0,17.042146,24.0,60.0
4,PL041,39.042146,0.0,24.0,24.0,60.0
5,PL041,40.360153,0.0,15.639847,24.0,60.0
6,PL041,39.065134,0.0,16.574713,24.0,60.0
7,PL041,24.574713,0.0,24.0,24.0,60.0
1,PL042,30.164835,0.0,40.835165,50.0,60.0
2,PL042,43.545788,0.0,38.289377,50.0,60.0
3,PL042,43.285714,0.0,39.003663,50.0,60.0
4,PL042,41.736264,0.0,37.267399,50.0,60.0
5,PL042,40.663004,0.0,34.604396,50.0,60.0
6,PL042,35.450549,0.0,27.153846,50.0,60.0
7,PL042,14.153846,0.0,50.0,50.0,60.0
1,PL043,19.444444,0.0,41.555556,51.0,60.0
2,PL043,35.54321,0.0,43.012346,51.0,60.0
3,PL043,35.567901,0.0,42.444444,51.0,60.0
4,PL043,37.790123,0.0,46.654321,51.0,60.0
5,PL043,36.444444,0.0,43.209877,51.0,60.0
6,PL043,37.54321,0.0,40.666667,51.0,60.0
7,PL043,15.666667,0.0,51.0,51.0,60.0
1,PL044,22.632184,0.0,33.367816,58.0,60.0
2,PL044,37.084291,0.0,42.283525,58.0,60.0
3,PL044,34.375479,0.0,29.908046,58.0,60.0
4,PL044,35.823755,0.0,36.084291,58.0,60.0
5,PL044,33.517241,0.0,37.56705,58.0,60.0
6,PL044,38.770115,0.0,38.796935,58.0,60.0
7,PL044,23.796935,0.0,58.0,58.0,60.0
1,PL045,26.582418,8.3186813,22.098901,32.0,60.0
2,PL045,40.849817,0.0,22.249084,32.0,60.0
3,PL045,36.487179,0.0,12.761905,32.0,60.0
4,PL045,35.468864,0.0,15.29304,32.0,60.0
5,PL045,31.92674,0.0,14.3663,32.0,60.0
6,PL045,35.677656,0.0,16.688645,32.0,60.0
7,PL045,41.688645,0.0,32.0,32.0,60.0
1,PL046,17.041825,3.5171103,33.441065,49.0,60.0
2,PL046,30.65019,0.0,41.790875,49.0,60.0
3,PL046,34.878327,0.0,46.912548,49.0,60.0
4,PL046,39.326996,0.0,46.585551,49.0,60.0
5,PL046,40.585551,0.0,49.0,49.0,60.0
6,PL046,40.612167,0.0,48.387833,49.0,60.0
7,PL046,34.387833,0.0,49.0,49.0,60.0
1,PL047,22.819149,0.0,55.180851,73.0,60.0
2,PL047,36.095745,0.0,61.085106,73.0,60.0
3,PL047,38.879433,0.0,63.205674,73.0,60.0
4,PL047,40.620567,0.0,61.585106,73.0,60.0
5,PL047,40.992908,0.0,63.592199,73.0,60.0
6,PL047,41.078014,0.0,63.514184,73.0,60.0
7,PL047,33.514184,0.0,73.0,73.0,60.0
1,PL048,31.956204,3.0437956,21.0,21.0,60.0
2,PL048,41.226277,0.0,15.773723,21.0,60.0
3,PL048,40.270073,0.0,17.50365,21.0,60.0
4,PL048,38.624088,0.0,15.879562,21.0,60.0
5,PL048,35.941606,0.0,9.9379562,21.0,60.0
6,PL048,35.036496,0.0,13.90146,21.0,60.0
7,PL048,38.90146,0.0,21.0,21.0,60.0
1,PL049,29.883582,0.0,44.116418,47.0,60.0
2,PL049,46.214925,0.0,42.901493,47.0,60.0
3,PL049,47.340299,0.0,45.561194,47.0,60.0
4,PL049,45.928358,0.0,42.632836,47.0,60.0
5,PL049,48.435821,0.0,46.197015,47.0,60.0
6,PL049,47.453731,0.0,46.743284,47.0,60.0
7,PL049,49.743284,0.0,47.0,47.0,60.0
1,PL050,27.640449,6.0262172,19.333333,22.0,60.0
2,PL050,42.333333,0.0,22.0,22.0,60.0
3,PL050,39.696629,0.0,15.303371,22.0,60.0
4,PL050,37.576779,0.0,12.726592,22.0,60.0
5,PL050,34.681648,0.0,14.044944,22.0,60.0
6,PL050,38.007491,0.0,19.037453,22.0,60.0
7,PL050,31.037453,0.0,22.0,22.0,60.0
1,PL051,25.907143,2.6178571,44.475,52.0,60.0
2,PL051,42.475,0.0,52.0,52.0,60.0
3,PL051,42.364286,0.0,47.635714,52.0,60.0
4,PL051,45.603571,0.0,51.032143,52.0,60.0
5,PL051,40.092857,0.0,43.939286,52.0,60.0
6,PL051,38.003571,0.0,37.935714,52.0,60.0
7,PL051,24.935714,0.0,52.0,52.0,60.0
1,PL052,28.172662,1.8273381,28.0,28.0,60.0
2,PL052,43.05036,5.6115108,20.338129,28.0,60.0
3,PL052,40.496403,0.0,15.841727,28.0,60.0
4,PL052,37.798561,0.0,14.043165,28.0,60.0
5,PL052,34.100719,0.0,9.942446,28.0,60.0
6,PL052,33.107914,0.0,9.8345324,28.0,60.0
7,PL052,39.834532,0.0,28.0,28.0,60.0
1,PL053,30.634812,0.0,52.365188,73.0,60.0
2,PL053,41.778157,0.0,47.587031,73.0,60.0
3,PL053,40.395904,0.0,48.191126,73.0,60.0
4,PL053,41.054608,0.0,52.136519,73.0,60.0
5,PL053,41.880546,0.0,49.255973,73.0,60.0
6,PL053,40.822526,0.0,47.433447,73.0,60.0
7,PL053,22.433447,0.0,73.0,73.0,60.0
1,PL054,27.777372,0.22262774,29.0,29.0,60.0
2,PL054,39.014599,0.0,19.985401,29.0,60.0
3,PL054,38.587591,0.0,24.39781,29.0,60.0
4,PL054,38.39781,0.0,29.0,29.0,60.0
5,PL054,42.080292,0.0,26.919708,29.0,60.0
6,PL054,39.835766,0.0,23.083942,29.0,60.0
7,PL054,33.083942,0.0,29.0,29.0,60.0
1,PL055,23.181818,0.0,69.818182,90.0,60.0
2,PL055,37.272727,0.0,72.545455,90.0,60.0
3,PL055,37.939394,0.0,72.606061,90.0,60.0
4,PL055,40.30303,0.0,75.30303,90.0,60.0
5,PL055,39.94697,0.0,74.356061,90.0,60.0
6,PL055,40.424242,0.0,72.931818,90.0,60.0
7,PL055,11.931818,0.0,90.0,90.0,60.0
1,PL056,29.920152,0.0,37.079848,44.0,60.0
2,PL056,39.680608,0.0,31.39924,44.0,60.0
3,PL056,37.844106,0.0,30.555133,44.0,60.0
4,PL056,38.669202,0.0,35.885932,44.0,60.0
5,PL056,37.813688,0.0,31.072243,44.0,60.0
6,PL056,34.870722,0.0,25.201521,44.0,60.0
7,PL056,24.201521,0.0,44.0,44.0,60.0
1,PL057,29.972125,0.0,66.027875,93.0,60.0
2,PL057,48.369338,0.0,71.658537,93.0,60.0
3,PL057,44.400697,0.0,58.25784,93.0,60.0
4,PL057,40.790941,0.0,54.466899,93.0,60.0
5,PL057,34.020906,0.0,54.445993,93.0,60.0
6,PL057,40.080139,0.0,65.365854,93.0,60.0
7,PL057,6.3658537,0.0,93.0,93.0,60.0
1,PL058,29.972125,0.0,63.027875,92.0,60.0
2,PL058,46.66899,0.0,64.358885,92.0,60.0
3,PL058,44.627178,0.0,59.731707,92.0,60.0
4,PL058,41.449477,0.0,54.28223,92.0,60.0
5,PL058,37.728223,0.0,53.554007,92.0,60.0
6,PL058,39.996516,0.0,60.557491,92.0,60.0
7,PL058,1.5574913,0.0,92.0,92.0,60.0
1,PL059,27.481229,0.0,34.518771,38.0,60.0
2,PL059,44.324232,0.0,35.194539,38.0,60.0
3,PL059,42.679181,0.0,31.515358,38.0,60.0
4,PL059,39.955631,0.0,26.559727,38.0,60.0
5,PL059,38.122867,0.0,28.43686,38.0,60.0
6,PL059,38.43686,0.0,38.0,38.0,60.0
7,PL059,43.051195,0.0,36.948805,38.0,60.0
1,PL060,28.140221,0.0,56.859779,98.0,60.0
2,PL060,37.95572,0.0,48.904059,98.0,60.0
3,PL060,38.431734,0.0,58.472325,98.0,60.0
4,PL060,37.649446,0.0,51.822878,98.0,60.0
5,PL060,39.929889,0.0,55.892989,98.0,60.0
6,PL060,34.892989,0.0,60.0,98.0,60.0
7,PL060,0.0,0.0,98.0,98.0,60.0
1,PL061,30.805369,0.0,41.194631,65.0,60.0
2,PL061,43.590604,0.0,38.604027,65.0,60.0
3,PL061,42.966443,0.0,38.637584,65.0,60.0
4,PL061,40.959732,0.0,36.677852,65.0,60.0
5,PL061,40.261745,0.0,35.416107,65.0,60.0
6,PL061,42.875839,0.0,42.540268,65.0,60.0
7,PL061,18.540268,0.0,65.0,65.0,60.0
1,PL062,25.036789,17.759197,7.2040134,22.0,60.0
2,PL062,41.973244,0.0,15.230769,22.0,60.0
3,PL062,47.230769,0.0,22.0,22.0,60.0
4,PL062,51.64214,0.0,21.35786,22.0,60.0
5,PL062,46.063545,0.0,8.2943144,22.0,60.0
6,PL062,43.113712,0.0,10.180602,22.0,60.0
7,PL062,16.180602,0.0,22.0,22.0,60.0
1,PL063,24.578571,0.0,29.421429,41.0,60.0
2,PL063,38.617857,0.0,32.803571,41.0,60.0
3,PL063,40.321429,0.0,34.482143,41.0,60.0
4,PL063,41.982143,0.0,34.5,41.0,60.0
5,PL063,39.2,0.0,29.3,41.0,60.0
6,PL063,39.485714,0.0,31.814286,41.0,60.0
7,PL063,31.814286,0.0,41.0,41.0,60.0
1,PL064,19.659091,0.0,48.340909,80.0,60.0
2,PL064,31.393939,0.0,50.94697,80.0,60.0
3,PL064,36.80303,0.0,60.143939,80.0,60.0
4,PL064,43.954545,0.0,68.189394,80.0,60.0
5,PL064,44.007576,0.0,59.181818,80.0,60.0
6,PL064,39.814394,0.0,51.367424,80.0,60.0
7,PL064,6.3674242,0.0,80.0,80.0,60.0
1,PL065,21.863158,5.5894737,23.547368,39.0,60.0
2,PL065,33.936842,0.0,29.610526,39.0,60.0
3,PL065,40.610526,0.0,39.0,39.0,60.0
4,PL065,45.421053,0.0,38.578947,39.0,60.0
5,PL065,43.863158,0.0,31.715789,39.0,60.0
6,PL065,38.378947,0.0,27.336842,39.0,60.0
7,PL065,36.336842,0.0,39.0,39.0,60.0
1,PL066,25.351852,0.0,44.648148,61.0,60.0
2,PL066,36.022222,0.0,42.625926,61.0,60.0
3,PL066,36.248148,0.0,44.377778,61.0,60.0
4,PL066,35.111111,0.0,42.266667,61.0,60.0
5,PL066,37.507407,0.0,46.759259,61.0,60.0
6,PL066,40.47037,0.0,52.288889,61.0,60.0
7,PL066,31.288889,0.0,61.0,61.0,60.0
1,PL067,28.702509,3.9641577,31.333333,36.0,60.0
2,PL067,46.333333,0.0,36.0,36.0,60.0
3,PL067,45.566308,0.0,32.433692,36.0,60.0
4,PL067,42.795699,0.0,24.637993,36.0,60.0
5,PL067,38.100358,0.0,23.537634,36.0,60.0
6,PL067,37.304659,0.0,26.232975,36.0,60.0
7,PL067,20.232975,0.0,36.0,36.0,60.0
1,PL068,26.571429,0.0,43.428571,65.0,60.0
2,PL068,35.699248,0.0,39.729323,65.0,60.0
3,PL068,39.172932,0.0,46.556391,65.0,60.0
4,PL068,39.105263,0.0,46.451128,65.0,60.0
5,PL068,40.338346,0.0,43.112782,65.0,60.0
6,PL068,19.112782,0.0,65.0,65.0,60.0
7,PL068,33.0,0.0,65.0,65.0,60.0
1,PL069,24.725979,0.0,25.274021,36.0,60.0
2,PL069,39.701068,0.0,31.572954,36.0,60.0
3,PL069,40.647687,0.0,30.925267,36.0,60.0
4,PL069,40.768683,0.0,27.156584,36.0,60.0
5,PL069,39.049822,0.0,28.106762,36.0,60.0
6,PL069,37.209964,0.0,25.896797,36.0,60.0
7,PL069,36.896797,0.0,36.0,36.0,60.0
1,PL070,26.069767,0.0,64.930233,93.0,60.0
2,PL070,35.457364,0.0,59.472868,93.0,60.0
3,PL070,31.55814,0.0,54.914729,93.0,60.0
4,PL070,32.709302,0.0,64.205426,93.0,60.0
5,PL070,34.748062,0.0,63.457364,93.0,60.0
6,PL070,41.27907,0.0,71.178295,93.0,60.0
7,PL070,16.178295,0.0,93.0,93.0,60.0
1,PL071,32.234848,0.0,43.765152,56.0,60.0
2,PL071,41.439394,0.0,34.325758,56.0,60.0
3,PL071,36.840909,0.0,31.484848,56.0,60.0
4,PL071,35.681818,0.0,36.80303,56.0,60.0
5,PL071,35.973485,0.0,32.829545,56.0,60.0
6,PL071,38.92803,0.0,38.901515,56.0,60.0
7,PL071,16.901515,0.0,56.0,56.0,60.0
1,PL072,26.0,0.0,46.0,64.0,60.0
2,PL072,40.503704,0.0,49.496296,64.0,60.0
3,PL072,38.707407,0.0,43.788889,64.0,60.0
4,PL072,39.944444,0.0,46.844444,64.0,60.0
5,PL072,37.4,0.0,45.444444,64.0,60.0
6,PL072,38.296296,0.0,43.148148,64.0,60.0
7,PL072,18.148148,0.0,64.0,64.0,60.0
1,PL073,26.309524,0.0,47.690476,69.0,60.0
2,PL073,38.623016,0.0,47.06746,69.0,60.0
3,PL073,34.178571,0.0,39.888889,69.0,60.0
4,PL073,36.988095,0.0,46.900794,69.0,60.0
5,PL073,32.813492,0.0,43.087302,69.0,60.0
6,PL073,38.404762,0.0,45.68254,69.0,60.0
7,PL073,10.68254,0.0,69.0,69.0,60.0
1,PL074,29.652174,0.0,57.347826,70.0,60.0
2,PL074,41.797101,0.0,51.550725,70.0,60.0
3,PL074,39.434783,0.0,51.115942,70.0,60.0
4,PL074,41.601449,0.0,61.514493,70.0,60.0
5,PL074,43.07971,0.0,53.434783,70.0,60.0
6,PL074,39.717391,0.0,45.717391,70.0,60.0
7,PL074,13.717391,0.0,70.0,70.0,60.0
1,PL075,31.692308,0.0,48.307692,93.0,60.0
2,PL075,41.174825,0.0,43.132867,93.0,60.0
3,PL075,43.534965,0.0,50.597902,93.0,60.0
4,PL075,42.213287,0.0,46.384615,93.0,60.0
5,PL075,41.98951,0.0,43.395105,93.0,60.0
6,PL075,28.395105,0.0,62.0,93.0,60.0
7,PL075,0.0,0.0,93.0,93.0,60.0
1,PL076,34.5,0.0,47.5,67.0,60.0
2,PL076,49.147436,0.0,40.352564,67.0,60.0
3,PL076,45.365385,0.0,36.987179,67.0,60.0
4,PL076,43.426282,0.0,40.560897,67.0,60.0
5,PL076,43.605769,0.0,37.955128,67.0,60.0
6,PL076,44.445513,0.0,39.509615,67.0,60.0
7,PL076,14.509615,0.0,67.0,67.0,60.0
1,PL077,22.690141,0.0,37.309859,53.0,60.0
2,PL077,36.0,0.0,37.309859,53.0,60.0
3,PL077,36.598592,0.0,38.711268,53.0,60.0
4,PL077,39.056338,0.0,43.65493,53.0,60.0
5,PL077,43.278169,0.0,49.376761,53.0,60.0
6,PL077,42.961268,0.0,41.415493,53.0,60.0
7,PL077,34.415493,0.0,53.0,53.0,60.0
1,PL078,25.927798,0.0,58.072202,77.0,60.0
2,PL078,40.202166,0.0,53.870036,77.0,60.0
3,PL078,38.895307,0.0,52.974729,77.0,60.0
4,PL078,36.036101,0.0,50.938628,77.0,60.0
5,PL078,36.729242,0.0,52.209386,77.0,60.0
6,PL078,39.765343,0.0,61.444043,77.0,60.0
7,PL078,24.444043,0.0,77.0,77.0,60.0
1,PL079,21.992337,0.0,52.007663,87.0,60.0
2,PL079,38.310345,0.0,60.697318,87.0,60.0
3,PL079,39.505747,0.0,57.191571,87.0,60.0
4,PL079,40.088123,0.0,53.103448,87.0,60.0
5,PL079,36.275862,0.0,53.827586,87.0,60.0
6,PL079,35.524904,0.0,51.302682,87.0,60.0
7,PL079,1.302682,0.0,87.0,87.0,60.0
1,PL080,24.036145,0.0,52.963855,80.0,60.0
2,PL080,35.15261,0.0,53.811245,80.0,60.0
3,PL080,35.100402,0.0,52.710843,80.0,60.0
4,PL080,36.674699,0.0,57.036145,80.0,60.0
5,PL080,35.297189,0.0,50.738956,80.0,60.0
6,PL080,33.903614,0.0,49.835341,80.0,60.0
7,PL080,10.835341,0.0,80.0,80.0,60.0
1,PL081,37.362963,0.0,47.637037,52.0,60.0
2,PL081,48.292593,0.0,40.344444,52.0,60.0
3,PL081,42.748148,0.0,34.596296,52.0,60.0
4,PL081,38.8,0.0,34.796296,52.0,60.0
5,PL081,36.077778,0.0,30.718519,52.0,60.0
6,PL081,32.959259,0.0,26.759259,52.0,60.0
7,PL081,14.759259,0.0,52.0,52.0,60.0
1,PL082,23.402827,0.0,27.597173,38.0,60.0
2,PL082,39.671378,0.0,33.925795,38.0,60.0
3,PL082,40.911661,0.0,33.014134,38.0,60.0
4,PL082,41.314488,0.0,28.699647,38.0,60.0
5,PL082,40.477032,0.0,33.222615,38.0,60.0
6,PL082,41.763251,0.0,35.459364,38.0,60.0
7,PL082,31.459364,0.0,38.0,38.0,60.0
1,PL083,25.361022,0.0,52.638978,89.0,60.0
2,PL083,43.162939,0.0,55.476038,89.0,60.0
3,PL083,45.86901,0.0,60.607029,89.0,60.0
4,PL083,46.402556,0.0,56.204473,89.0,60.0
5,PL083,50.507987,0.0,64.696486,89.0,60.0
6,PL083,47.322684,0.0,59.373802,89.0,60.0
7,PL083,1.3738019,0.0,89.0,89.0,60.0
1,PL084,24.445652,2.7101449,40.844203,49.0,60.0
2,PL084,42.307971,0.0,48.536232,49.0,60.0
3,PL084,39.57971,0.0,37.956522,49.0,60.0
4,PL084,44.956522,0.0,49.0,49.0,60.0
5,PL084,40.210145,0.0,45.789855,49.0,60.0
6,PL084,41.384058,0.0,32.405797,49.0,60.0
7,PL084,20.405797,0.0,49.0,49.0,60.0
1,PL085,25.732394,12.933099,9.334507,21.0,60.0
2,PL085,37.56338,0.0,11.771127,21.0,60.0
3,PL085,38.859155,0.0,12.911972,21.0,60.0
4,PL085,38.045775,0.0,9.8661972,21.0,60.0
5,PL085,41.116197,0.0,15.75,21.0,60.0
6,PL085,44.75,0.0,21.0,21.0,60.0
7,PL085,36.0,0.0,21.0,21.0,60.0
1,PL086,28.088561,0.0,43.911439,57.0,60.0
2,PL086,41.712177,0.0,38.199262,57.0,60.0
3,PL086,39.95572,0.0,38.243542,57.0,60.0
4,PL086,39.380074,0.0,41.863469,57.0,60.0
5,PL086,40.571956,0.0,39.291513,57.0,60.0
6,PL086,37.140221,0.0,30.151292,57.0,60.0
7,PL086,15.151292,0.0,57.0,57.0,60.0
1,PL087,23.766784,10.671378,19.561837,28.0,60.0
2,PL087,38.0,0.0,19.561837,28.0,60.0
3,PL087,41.561837,0.0,28.0,28.0,60.0
4,PL087,38.381625,0.0,15.618375,28.0,60.0
5,PL087,40.628975,0.0,19.989399,28.0,60.0
6,PL087,36.992933,0.0,24.996466,28.0,60.0
7,PL087,40.996466,0.0,28.0,28.0,60.0
1,PL088,15.124514,0.0,47.875486,75.0,60.0
2,PL088,28.291829,0.0,59.583658,75.0,60.0
3,PL088,35.424125,0.0,68.159533,75.0,60.0
4,PL088,40.451362,0.0,64.708171,75.0,60.0
5,PL088,40.330739,0.0,64.377432,75.0,60.0
6,PL088,38.350195,0.0,64.027237,75.0,60.0
7,PL088,24.027237,0.0,75.0,75.0,60.0
1,PL089,31.346801,0.0,60.653199,94.0,60.0
2,PL089,46.784512,0.0,55.868687,94.0,60.0
3,PL089,48.636364,0.0,62.232323,94.0,60.0
4,PL089,44.619529,0.0,54.612795,94.0,60.0
5,PL089,43.484848,0.0,48.127946,94.0,60.0
6,PL089,31.127946,0.0,66.0,94.0,60.0
7,PL089,0.0,0.0,94.0,94.0,60.0
1,PL090,25.686207,4.2482759,22.065517,25.0,60.0
2,PL090,40.065517,0.0,25.0,25.0,60.0
3,PL090,41.634483,2.7655172,23.6,25.0,60.0
4,PL090,41.486207,0.0,20.113793,25.0,60.0
5,PL090,40.006897,0.0,19.106897,25.0,60.0
6,PL090,39.875862,0.0,22.231034,25.0,60.0
7,PL090,42.231034,0.0,25.0,25.0,60.0
1,PL091,22.808219,0.0,36.191781,50.0,60.0
2,PL091,35.349315,0.0,34.842466,50.0,60.0
3,PL091,38.636986,0.0,42.205479,50.0,60.0
4,PL091,41.928082,0.0,47.277397,50.0,60.0
5,PL091,46.308219,0.0,46.969178,50.0,60.0
6,PL091,43.763699,0.0,41.205479,50.0,60.0
7,PL091,36.205479,0.0,50.0,50.0,60.0
1,PL092,24.1875,0.0,42.8125,88.0,60.0
2,PL092,36.351563,0.0,43.460938,88.0,60.0
3,PL092,38.078125,0.0,46.382813,88.0,60.0
4,PL092,41.445313,0.0,50.9375,88.0,60.0
5,PL092,39.085938,0.0,42.851563,88.0,60.0
6,PL092,35.570313,0.0,37.28125,88.0,60.0
7,PL092,0.0,0.0,72.28125,88.0,60.0
1,PL093,25.066667,1.0912281,26.842105,33.0,60.0
2,PL093,40.842105,0.0,33.0,33.0,60.0
3,PL093,39.515789,2.3964912,24.087719,33.0,60.0
4,PL093,41.238596,0.0,26.849123,33.0,60.0
5,PL093,37.414035,0.0,24.435088,33.0,60.0
6,PL093,38.694737,0.0,22.740351,33.0,60.0
7,PL093,40.740351,0.0,33.0,33.0,60.0
1,PL094,19.972332,0.0,46.027668,83.0,60.0
2,PL094,32.679842,0.0,49.347826,83.0,60.0
3,PL094,35.229249,0.0,53.118577,83.0,60.0
4,PL094,33.565217,0.0,45.55336,83.0,60.0
5,PL094,37.007905,0.0,53.545455,83.0,60.0
6,PL094,35.889328,0.0,55.656126,83.0,60.0
7,PL094,10.656126,0.0,83.0,83.0,60.0
1,PL095,30.752688,0.0,56.247312,66.0,60.0
2,PL095,45.362007,0.0,58.885305,66.0,60.0
3,PL095,44.071685,0.0,54.81362,66.0,60.0
4,PL095,41.387097,0.0,50.426523,66.0,60.0
5,PL095,39.265233,0.0,52.16129,66.0,60.0
6,PL095,39.455197,0.0,52.706093,66.0,60.0
7,PL095,15.706093,0.0,66.0,66.0,60.0
1,PL096,39.285714,0.0,49.714286,84.0,60.0
2,PL096,50.023256,0.0,40.69103,84.0,60.0
3,PL096,43.222591,0.0,33.468439,84.0,60.0
4,PL096,40.627907,0.0,37.840532,84.0,60.0
5,PL096,42.07309,0.0,39.767442,84.0,60.0
6,PL096,44.285714,0.0,39.481728,84.0,60.0
7,PL096,0.0,0.0,75.481728,84.0,60.0
1,PL097,30.059406,0.0,45.940594,60.0,60.0
2,PL097,47.108911,0.0,48.831683,60.0,60.0
3,PL097,47.227723,0.0,46.60396,60.0,60.0
4,PL097,42.574257,0.0,34.029703,60.0,60.0
5,PL097,37.693069,0.0,35.336634,60.0,60.0
6,PL097,38.09901,0.0,44.237624,60.0,60.0
7,PL097,30.237624,0.0,60.0,60.0,60.0
1,PL098,30.0,0.0,29.0,29.0,60.0
2,PL098,40.956044,0.0,21.043956,29.0,60.0
3,PL098,38.684982,0.0,20.358974,29.0,60.0
4,PL098,39.3663,0.0,27.992674,29.0,60.0
5,PL098,39.956044,0.0,23.03663,29.0,60.0
6,PL098,35.630037,0.0,12.406593,29.0,60.0
7,PL098,33.406593,0.0,29.0,29.0,60.0
1,PL099,30.156134,0.0,60.843866,68.0,60.0
2,PL099,48.0,0.0,60.843866,68.0,60.0
3,PL099,44.579926,0.0,54.263941,68.0,60.0
4,PL099,40.69145,0.0,48.572491,68.0,60.0
5,PL099,37.825279,0.0,50.747212,68.0,60.0
6,PL099,37.457249,0.0,51.289963,68.0,60.0
7,PL099,5.2899628,0.0,68.0,68.0,60.0
1,PL100,27.501779,0.0,54.498221,95.0,60.0
2,PL100,42.647687,0.0,55.850534,95.0,60.0
3,PL100,42.338078,0.0,54.512456,95.0,60.0
4,PL100,39.768683,0.0,48.743772,95.0,60.0
5,PL100,40.626335,0.0,55.117438,95.0,60.0
6,PL100,33.117438,0.0,58.0,95.0,60.0
7,PL100,0.0,0.0,95.0,95.0,60.0
1,PL101,17.08871,8.3991935,20.512097,41.0,60.0
2,PL101,26.604839,0.0,21.907258,41.0,60.0
3,PL101,28.524194,0.0,25.383065,41.0,60.0
4,PL101,33.350806,0.0,33.032258,41.0,60.0
5,PL101,40.032258,0.0,41.0,41.0,60.0
6,PL101,44.391129,0.0,40.608871,41.0,60.0
7,PL101,28.608871,0.0,41.0,41.0,60.0
1,PL102,26.302583,6.697417,20.0,20.0,60.0
2,PL102,41.03321,0.0,12.96679,20.0,60.0
3,PL102,39.143911,0.0,11.822878,20.0,60.0
4,PL102,38.671587,0.0,19.151292,20.0,60.0
5,PL102,39.682657,0.0,14.468635,20.0,60.0
6,PL102,40.797048,0.0,13.671587,20.0,60.0
7,PL102,27.671587,0.0,20.0,20.0,60.0
1,PL103,28.094595,1.9054054,23.0,23.0,60.0
2,PL103,38.756757,3.6824324,12.560811,23.0,60.0
3,PL103,40.175676,0.0,19.385135,23.0,60.0
4,PL103,41.385135,0.0,23.0,23.0,60.0
5,PL103,45.013514,0.0,20.986486,23.0,60.0
6,PL103,43.986486,0.0,21.0,23.0,60.0
7,PL103,41.0,0.0,23.0,23.0,60.0
1,PL104,24.070632,0.0,52.929368,86.0,60.0
2,PL104,37.609665,0.0,54.319703,86.0,60.0
3,PL104,36.776952,0.0,51.542751,86.0,60.0
4,PL104,33.918216,0.0,45.624535,86.0,60.0
5,PL104,37.412639,0.0,60.211896,86.0,60.0
6,PL104,39.650558,0.0,59.561338,86.0,60.0
7,PL104,13.561338,0.0,86.0,86.0,60.0
1,PL105,24.503448,0.0,65.496552,78.0,60.0
2,PL105,40.017241,0.0,70.47931,78.0,60.0
3,PL105,41.286207,0.0,70.193103,78.0,60.0
4,PL105,39.634483,0.0,62.558621,78.0,60.0
5,PL105,42.268966,0.0,75.289655,78.0,60.0
6,PL105,42.258621,0.0,73.031034,78.0,60.0
7,PL105,34.031034,0.0,78.0,78.0,60.0
1,PL106,17.652174,0.0,50.347826,72.0,60.0
2,PL106,33.630435,0.0,65.717391,72.0,60.0
3,PL106,36.681159,0.0,61.036232,72.0,60.0
4,PL106,42.036232,0.0,65.0,72.0,60.0
5,PL106,40.826087,0.0,70.173913,72.0,60.0
6,PL106,45.195652,0.0,67.978261,72.0,60.0
7,PL106,27.978261,0.0,72.0,72.0,60.0
1,PL107,26.808511,0.0,51.191489,57.0,60.0
2,PL107,39.652482,0.0,50.539007,57.0,60.0
3,PL107,42.109929,0.0,55.429078,57.0,60.0
4,PL107,40.539007,0.0,50.890071,57.0,60.0
5,PL107,37.890071,0.0,44.0,57.0,60.0
6,PL107,37.514184,0.0,51.485816,57.0,60.0
7,PL107,38.485816,0.0,57.0,57.0,60.0
1,PL108,26.962963,0.0,46.037037,78.0,60.0
2,PL108,40.622222,0.0,47.414815,78.0,60.0
3,PL108,41.97037,0.0,49.444444,78.0,60.0
4,PL108,41.792593,0.0,46.651852,78.0,60.0
5,PL108,37.82963,0.0,38.822222,78.0,60.0
6,PL108,32.933333,0.0,35.888889,78.0,60.0
7,PL108,2.8888889,0.0,78.0,78.0,60.0
1,PL109,23.586957,0.0,46.413043,88.0,60.0
2,PL109,38.956522,0.0,54.456522,88.0,60.0
3,PL109,40.778986,0.0,53.677536,88.0,60.0
4,PL109,41.293478,0.0,49.384058,88.0,60.0
5,PL109,38.637681,0.0,49.746377,88.0,60.0
6,PL109,39.666667,0.0,53.07971,88.0,60.0
7,PL109,0.079710145,0.0,88.0,88.0,60.0
1,PL110,33.534247,0.0,43.465753,61.0,60.0
2,PL110,46.643836,0.0,40.821918,61.0,60.0
3,PL110,46.222603,0.0,41.599315,61.0,60.0
4,PL110,45.078767,0.0,40.520548,61.0,60.0
5,PL110,41.513699,0.0,33.006849,61.0,60.0
6,PL110,38.030822,0.0,31.976027,61.0,60.0
7,PL110,8.9760274,0.0,61.0,61.0,60.0
1,PL111,32.30605,0.0,67.69395,81.0,60.0
2,PL111,50.743772,0.0,66.950178,81.0,60.0
3,PL111,46.523132,0.0,55.427046,81.0,60.0
4,PL111,40.754448,0.0,50.672598,81.0,60.0
5,PL111,34.608541,0.0,48.064057,81.0,60.0
6,PL111,33.978648,0.0,48.085409,81.0,60.0
7,PL111,10.085409,0.0,81.0,81.0,60.0
1,PL112,34.545455,0.0,36.454545,39.0,60.0
2,PL112,47.923077,0.0,29.531469,39.0,60.0
3,PL112,44.321678,0.0,25.20979,39.0,60.0
4,PL112,39.965035,0.0,24.244755,39.0,60.0
5,PL112,43.412587,0.0,30.832168,39.0,60.0
6,PL112,39.265734,0.0,22.566434,39.0,60.0
7,PL112,16.566434,0.0,39.0,39.0,60.0
1,PL113,31.037736,0.0,46.962264,53.0,60.0
2,PL113,46.298113,0.0,45.664151,53.0,60.0
3,PL113,43.924528,0.0,41.739623,53.0,60.0
4,PL113,37.486792,0.0,32.25283,53.0,60.0
5,PL113,33.479245,0.0,30.773585,53.0,60.0
6,PL113,15.324528,0.0,40.449057,53.0,60.0
7,PL113,35.449057,0.0,53.0,53.0,60.0
1,PL114,28.021583,0.0,44.978417,76.0,60.0
2,PL114,43.007194,0.0,48.971223,76.0,60.0
3,PL114,43.428058,0.0,47.543165,76.0,60.0
4,PL114,43.582734,0.0,45.960432,76.0,60.0
5,PL114,37.985612,0.0,37.97482,76.0,60.0
6,PL114,35.471223,0.0,37.503597,76.0,60.0
7,PL114,2.5035971,0.0,76.0,76.0,60.0
1,PL115,20.194553,5.229572,25.575875,39.0,60.0
2,PL115,33.229572,0.0,32.346304,39.0,60.0
3,PL115,38.346304,0.0,39.0,39.0,60.0
4,PL115,38.198444,0.0,29.801556,39.0,60.0
5,PL115,39.396887,0.0,35.404669,39.0,60.0
6,PL115,32.66537,0.0,25.7393,39.0,60.0
7,PL115,31.7393,0.0,39.0,39.0,60.0
1,PL116,28.621908,0.0,27.378092,28.0,60.0
2,PL116,43.611307,0.0,24.766784,28.0,60.0
3,PL116,38.151943,0.0,13.614841,28.0,60.0
4,PL116,37.64311,0.0,20.971731,28.0,60.0
5,PL116,38.190813,0.0,26.780919,28.0,60.0
6,PL116,39.689046,0.0,16.091873,28.0,60.0
7,PL116,41.533569,0.0,26.558304,28.0,60.0
1,PL117,21.414894,0.0,28.585106,46.0,60.0
2,PL117,37.195035,0.0,37.390071,46.0,60.0
3,PL117,40.14539,0.0,39.244681,46.0,60.0
4,PL117,42.758865,0.0,36.485816,46.0,60.0
5,PL117,41.347518,0.0,37.138298,46.0,60.0
6,PL117,40.007092,0.0,35.131206,46.0,60.0
7,PL117,30.131206,0.0,46.0,46.0,60.0
1,PL118,24.133333,0.0,42.866667,65.0,60.0
2,PL118,36.911111,0.0,44.955556,65.0,60.0
3,PL118,38.314815,0.0,46.640741,65.0,60.0
4,PL118,35.722222,0.0,37.918519,65.0,60.0
5,PL118,36.144444,0.0,44.774074,65.0,60.0
6,PL118,36.207407,0.0,46.566667,65.0,60.0
7,PL118,28.566667,0.0,65.0,65.0,60.0
1,PL119,24.733333,0.0,52.266667,65.0,60.0
2,PL119,40.755556,0.0,49.511111,65.0,60.0
3,PL119,39.955556,0.0,48.555556,65.0,60.0
4,PL119,39.522222,0.0,51.033333,65.0,60.0
5,PL119,38.9,0.0,48.133333,65.0,60.0
6,PL119,19.655556,0.0,59.477778,65.0,60.0
7,PL119,36.477778,0.0,65.0,65.0,60.0
1,PL120,19.977778,10.37037,6.6518519,22.0,60.0
2,PL120,32.518519,0.0,13.133333,22.0,60.0
3,PL120,33.777778,0.0,12.355556,22.0,60.0
4,PL120,35.218519,0.0,11.137037,22.0,60.0
5,PL120,37.559259,0.0,18.577778,22.0,60.0
6,PL120,41.577778,0.0,22.0,22.0,60.0
7,PL120,45.0,0.0,22.0,22.0,60.0
1,PL121,23.448276,0.0,48.551724,82.0,60.0
2,PL121,37.570881,0.0,51.980843,82.0,60.0
3,PL121,36.429119,0.0,47.551724,82.0,60.0
4,PL121,37.022989,0.0,48.528736,82.0,60.0
5,PL121,35.59387,0.0,49.934866,82.0,60.0
6,PL121,6.9463602,0.0,81.988506,82.0,60.0
7,PL121,37.988506,0.0,82.0,82.0,60.0
1,PL122,23.534884,1.2868217,28.178295,37.0,60.0
2,PL122,36.604651,0.0,34.573643,37.0,60.0
3,PL122,37.968992,0.0,33.604651,37.0,60.0
4,PL122,41.604651,0.0,37.0,37.0,60.0
5,PL122,35.496124,0.0,26.503876,37.0,60.0
6,PL122,30.600775,0.0,34.903101,37.0,60.0
7,PL122,33.903101,0.0,37.0,37.0,60.0
1,PL123,24.233463,2.6692607,22.097276,29.0,60.0
2,PL123,35.529183,0.0,21.568093,29.0,60.0
3,PL123,33.342412,0.0,17.225681,29.0,60.0
4,PL123,35.264591,0.0,23.961089,29.0,60.0
5,PL123,33.805447,0.0,20.155642,29.0,60.0
6,PL123,40.155642,0.0,29.0,29.0,60.0
7,PL123,36.0,0.0,29.0,29.0,60.0
1,PL124,28.401639,0.0,44.598361,59.0,60.0
2,PL124,37.409836,0.0,35.188525,59.0,60.0
3,PL124,35.811475,0.0,37.377049,59.0,60.0
4,PL124,31.483607,0.0,33.893443,59.0,60.0
5,PL124,34.188525,0.0,36.704918,59.0,60.0
6,PL124,35.069672,0.0,41.635246,59.0,60.0
7,PL124,13.635246,0.0,59.0,59.0,60.0
1,PL125,29.145907,0.0,51.854093,72.0,60.0
2,PL125,41.338078,0.0,43.516014,72.0,60.0
3,PL125,38.686833,0.0,42.829181,72.0,60.0
4,PL125,38.615658,0.0,50.213523,72.0,60.0
5,PL125,39.370107,0.0,43.843416,72.0,60.0
6,PL125,39.594306,0.0,44.24911,72.0,60.0
7,PL125,18.24911,0.0,72.0,72.0,60.0
1,PL126,24.192308,0.0,61.807692,89.0,60.0
2,PL126,37.303846,0.0,62.503846,89.0,60.0
3,PL126,37.046154,0.0,61.457692,89.0,60.0
4,PL126,42.161538,0.0,73.296154,89.0,60.0
5,PL126,38.957692,0.0,59.338462,89.0,60.0
6,PL126,37.773077,0.0,55.565385,89.0,60.0
7,PL126,2.5653846,0.0,89.0,89.0,60.0
1,PL127,23.75,8.0347222,33.215278,48.0,60.0
2,PL127,38.638889,0.0,38.576389,48.0,60.0
3,PL127,44.576389,0.0,48.0,48.0,60.0
4,PL127,45.319444,0.0,40.680556,48.0,60.0
5,PL127,45.09375,0.0,38.586806,48.0,60.0
6,PL127,37.340278,0.0,32.246528,48.0,60.0
7,PL127,26.246528,0.0,48.0,48.0,60.0
1,PL128,31.45,0.0,57.55,87.0,60.0
2,PL128,48.536667,0.0,52.013333,87.0,60.0
3,PL128,46.926667,0.0,51.086667,87.0,60.0
4,PL128,44.016667,0.0,50.07,87.0,60.0
5,PL128,41.846667,0.0,43.223333,87.0,60.0
6,PL128,38.223333,0.0,41.0,87.0,60.0
7,PL128,0.0,0.0,87.0,87.0,60.0
1,PL129,23.837638,8.5867159,20.575646,28.0,60.0
2,PL129,36.088561,0.0,17.487085,28.0,60.0
3,PL129,38.051661,0.0,21.435424,28.0,60.0
4,PL129,40.435424,0.0,28.0,28.0,60.0
5,PL129,39.435424,0.0,19.564576,28.0,60.0
6,PL129,42.564576,0.0,28.0,28.0,60.0
7,PL129,29.0,0.0,28.0,28.0,60.0
1,PL130,32.175824,0.0,43.824176,59.0,60.0
2,PL130,46.406593,0.0,40.417582,59.0,60.0
3,PL130,41.461538,0.0,31.956044,59.0,60.0
4,PL130,42.67033,0.0,42.285714,59.0,60.0
5,PL130,38.43956,0.0,31.846154,59.0,60.0
6,PL130,40.384615,0.0,32.461538,59.0,60.0
7,PL130,0.46153846,0.0,59.0,59.0,60.0
1,PL131,17.584,0.0,59.416,95.0,60.0
2,PL131,28.288,0.0,60.128,95.0,60.0
3,PL131,30.068,0.0,64.06,95.0,60.0
4,PL131,36.46,0.0,76.6,95.0,60.0
5,PL131,40.252,0.0,74.348,95.0,60.0
6,PL131,38.636,0.0,61.712,95.0,60.0
7,PL131,12.712,0.0,95.0,95.0,60.0
1,PL132,19.316364,0.0,62.683636,93.0,60.0
2,PL132,32.96,0.0,65.723636,93.0,60.0
3,PL132,34.174545,0.0,66.549091,93.0,60.0
4,PL132,38.516364,0.0,76.032727,93.0,60.0
5,PL132,39.967273,0.0,72.065455,93.0,60.0
6,PL132,42.436364,0.0,72.629091,93.0,60.0
7,PL132,24.629091,0.0,93.0,93.0,60.0
1,PL133,29.589041,0.0,46.410959,73.0,60.0
2,PL133,45.657534,0.0,47.753425,73.0,60.0
3,PL133,41.712329,0.0,39.041096,73.0,60.0
4,PL133,41.082192,0.0,40.958904,73.0,60.0
5,PL133,36.945205,0.0,39.013699,73.0,60.0
6,PL133,40.369863,0.0,41.643836,73.0,60.0
7,PL133,14.643836,0.0,73.0,73.0,60.0
1,PL134,27.618056,0.0,57.381944,76.0,60.0
2,PL134,39.472222,0.0,53.909722,76.0,60.0
3,PL134,37.020833,0.0,50.888889,76.0,60.0
4,PL134,35.569444,0.0,52.319444,76.0,60.0
5,PL134,39.6875,0.0,61.631944,76.0,60.0
6,PL134,42.638889,0.0,59.993056,76.0,60.0
7,PL134,33.993056,0.0,76.0,76.0,60.0
1,PL135,31.766917,0.0,43.233083,46.0,60.0
2,PL135,44.357143,0.0,29.87594,46.0,60.0
3,PL135,40.898496,0.0,29.977444,46.0,60.0
4,PL135,34.383459,0.0,26.593985,46.0,60.0
5,PL135,37.616541,0.0,29.977444,46.0,60.0
6,PL135,34.680451,0.0,27.296992,46.0,60.0
7,PL135,21.296992,0.0,46.0,46.0,60.0
1,PL136,25.144981,0.0,68.855019,99.0,60.0
2,PL136,36.494424,0.0,65.360595,99.0,60.0
3,PL136,37.401487,0.0,69.959108,99.0,60.0
4,PL136,38.052045,0.0,70.907063,99.0,60.0
5,PL136,38.810409,0.0,67.096654,99.0,60.0
6,PL136,37.858736,0.0,69.237918,99.0,60.0
7,PL136,12.237918,0.0,99.0,99.0,60.0
1,PL137,23.290323,0.0,38.709677,47.0,60.0
2,PL137,40.236559,0.0,44.473118,47.0,60.0
3,PL137,41.225806,0.0,43.247312,47.0,60.0
4,PL137,40.645161,0.0,36.602151,47.0,60.0
5,PL137,40.236559,0.0,44.365591,47.0,60.0
6,PL137,31.365591,0.0,47.0,47.0,60.0
7,PL137,39.0,0.0,47.0,47.0,60.0
1,PL138,26.0,0.0,30.0,34.0,60.0
2,PL138,36.852273,0.0,25.147727,34.0,60.0
3,PL138,36.174242,0.0,26.973485,34.0,60.0
4,PL138,35.386364,0.0,27.587121,34.0,60.0
5,PL138,39.121212,0.0,32.465909,34.0,60.0
6,PL138,37.651515,0.0,26.814394,34.0,60.0
7,PL138,35.814394,0.0,34.0,34.0,60.0
1,PL139,19.032258,3.8960573,26.071685,42.0,60.0
2,PL139,36.071685,0.0,42.0,42.0,60.0
3,PL139,40.921147,0.078853047,42.0,42.0,60.0
4,PL139,45.297491,0.0,38.702509,42.0,60.0
5,PL139,41.634409,0.0,39.0681,42.0,60.0
6,PL139,38.964158,0.0,31.103943,42.0,60.0
7,PL139,30.103943,0.0,42.0,42.0,60.0
1,PL140,23.598485,0.0,57.401515,80.0,60.0
2,PL140,36.045455,0.0,59.356061,80.0,60.0
3,PL140,34.931818,0.0,56.424242,80.0,60.0
4,PL140,40.575758,0.0,66.848485,80.0,60.0
5,PL140,38.537879,0.0,61.310606,80.0,60.0
6,PL140,39.560606,0.0,56.75,80.0,60.0
7,PL140,16.75,0.0,80.0,80.0,60.0
1,PL141,22.310606,7.9659091,15.723485,29.0,60.0
2,PL141,35.776515,0.0,23.94697,29.0,60.0
3,PL141,34.109848,0.0,16.837121,29.0,60.0
4,PL141,35.07197,0.0,17.765152,29.0,60.0
5,PL141,34.94697,0.0,22.818182,29.0,60.0
6,PL141,41.818182,0.0,29.0,29.0,60.0
7,PL141,38.0,0.0,29.0,29.0,60.0
1,PL142,22.065455,9.12,18.814545,32.0,60.0
2,PL142,37.981818,0.0,20.832727,32.0,60.0
3,PL142,37.48,0.0,19.352727,32.0,60.0
4,PL142,39.250909,0.0,21.101818,32.0,60.0
5,PL142,38.0,0.0,21.101818,32.0,60.0
6,PL142,45.101818,0.0,32.0,32.0,60.0
7,PL142,27.0,0.0,32.0,32.0,60.0
1,PL143,21.172043,0.0,43.827957,81.0,60.0
2,PL143,37.053763,0.0,52.774194,81.0,60.0
3,PL143,38.53405,0.0,51.240143,81.0,60.0
4,PL143,42.72043,0.0,53.519713,81.0,60.0
5,PL143,40.885305,0.0,53.634409,81.0,60.0
6,PL143,16.634409,0.0,81.0,81.0,60.0
7,PL143,33.0,0.0,81.0,81.0,60.0
1,PL144,28.563177,9.0974729,17.33935,20.0,60.0
2,PL144,42.252708,0.0,16.086643,20.0,60.0
3,PL144,41.375451,0.0,14.711191,20.0,60.0
4,PL144,42.711191,0.0,20.0,20.0,60.0
5,PL144,42.357401,0.0,15.642599,20.0,60.0
6,PL144,40.144404,0.0,9.4981949,20.0,60.0
7,PL144,22.498195,0.0,20.0,20.0,60.0
1,PL145,25.62963,0.0,28.37037,30.0,60.0
2,PL145,36.0,0.062962963,20.307407,30.0,60.0
3,PL145,38.311111,0.0,27.996296,30.0,60.0
4,PL145,35.533333,0.0,26.462963,30.0,60.0
5,PL145,40.644444,0.0,26.818519,30.0,60.0
6,PL145,38.818519,0.0,30.0,30.0,60.0
7,PL145,39.0,0.0,30.0,30.0,60.0
1,PL146,26.080586,0.0,33.919414,45.0,60.0
2,PL146,37.717949,0.0,29.201465,45.0,60.0
3,PL146,36.087912,0.0,28.113553,45.0,60.0
4,PL146,33.652015,0.0,27.461538,45.0,60.0
5,PL146,37.934066,0.0,35.527473,45.0,60.0
6,PL146,40.172161,0.0,37.355311,45.0,60.0
7,PL146,36.355311,0.0,45.0,45.0,60.0
1,PL147,25.927007,0.0,49.072993,93.0,60.0
2,PL147,37.335766,0.0,49.737226,93.0,60.0
3,PL147,40.722628,0.0,56.014599,93.0,60.0
4,PL147,40.948905,0.0,52.065693,93.0,60.0
5,PL147,39.656934,0.0,48.408759,93.0,60.0
6,PL147,34.408759,0.0,53.0,93.0,60.0
7,PL147,0.0,0.0,93.0,93.0,60.0
1,PL148,23.916084,0.0,55.083916,98.0,60.0
2,PL148,36.51049,0.0,56.573427,98.0,60.0
3,PL148,35.737762,0.0,53.835664,98.0,60.0
4,PL148,37.853147,0.0,58.982517,98.0,60.0
5,PL148,39.024476,0.0,60.958042,98.0,60.0
6,PL148,14.958042,0.0,98.0,98.0,60.0
7,PL148,43.0,0.0,98.0,98.0,60.0
1,PL149,30.947368,0.0,58.052632,100.0,60.0
2,PL149,45.354386,0.0,50.698246,100.0,60.0
3,PL149,40.473684,0.0,43.224561,100.0,60.0
4,PL149,37.091228,0.0,46.133333,100.0,60.0
5,PL149,39.017544,0.0,52.115789,100.0,60.0
6,PL149,0.0,0.0,90.115789,100.0,60.0
7,PL149,32.115789,0.0,100.0,100.0,60.0
1,PL150,26.0,2.0,27.0,27.0,60.0
2,PL150,36.244186,0.3875969,20.368217,27.0,60.0
3,PL150,36.674419,0.0,25.693798,27.0,60.0
4,PL150,36.162791,0.0,25.531008,27.0,60.0
5,PL150,39.531008,0.0,27.0,27.0,60.0
6,PL150,37.802326,0.0,25.197674,27.0,60.0
7,PL150,32.197674,0.0,27.0,27.0,60.0
1,PL151,28.775087,0.0,58.224913,89.0,60.0
2,PL151,44.595156,0.0,59.629758,89.0,60.0
3,PL151,42.692042,0.0,55.937716,89.0,60.0
4,PL151,46.273356,0.0,61.66436,89.0,60.0
5,PL151,38.557093,0.0,51.107266,89.0,60.0
6,PL151,37.754325,0.0,45.352941,89.0,60.0
7,PL151,4.3529412,0.0,89.0,89.0,60.0
1,PL152,25.428571,0.0,57.571429,93.0,60.0
2,PL152,38.56044,0.0,57.010989,93.0,60.0
3,PL152,39.238095,0.0,58.772894,93.0,60.0
4,PL152,41.14652,0.0,62.626374,93.0,60.0
5,PL152,41.223443,0.0,58.40293,93.0,60.0
6,PL152,38.40293,0.0,58.0,93.0,60.0
7,PL152,0.0,0.0,93.0,93.0,60.0
1,PL153,25.757463,0.0,28.242537,44.0,60.0
2,PL153,39.977612,0.0,31.264925,44.0,60.0
3,PL153,37.835821,0.0,24.429104,44.0,60.0
4,PL153,38.216418,0.0,27.212687,44.0,60.0
5,PL153,36.425373,0.0,27.787313,44.0,60.0
6,PL153,25.787313,0.0,44.0,44.0,60.0
7,PL153,35.0,0.0,44.0,44.0,60.0
1,PL154,33.334572,0.0,35.665428,43.0,60.0
2,PL154,45.360595,0.0,28.304833,43.0,60.0
3,PL154,40.524164,0.0,22.780669,43.0,60.0
4,PL154,36.620818,0.0,23.159851,43.0,60.0
5,PL154,37.022305,0.0,25.137546,43.0,60.0
6,PL154,37.698885,0.0,24.438662,43.0,60.0
7,PL154,15.438662,0.0,43.0,43.0,60.0
1,PL155,29.815331,0.0,72.184669,99.0,60.0
2,PL155,39.055749,0.0,65.12892,99.0,60.0
3,PL155,39.512195,0.0,69.616725,99.0,60.0
4,PL155,41.393728,0.0,75.222997,99.0,60.0
5,PL155,45.348432,0.0,74.874564,99.0,60.0
6,PL155,43.188153,0.0,69.686411,99.0,60.0
7,PL155,8.6864111,0.0,99.0,99.0,60.0
1,PL156,30.869258,0.0,32.130742,35.0,60.0
2,PL156,48.0,0.0,32.130742,35.0,60.0
3,PL156,44.056537,0.0,24.074205,35.0,60.0
4,PL156,39.29682,0.0,17.777385,35.0,60.0
5,PL156,34.727915,0.0,18.04947,35.0,60.0
6,PL156,30.04947,0.0,35.0,35.0,60.0
7,PL156,36.0,0.0,35.0,35.0,60.0
1,PL157,31.367424,9.6325758,22.0,22.0,60.0
2,PL157,42.954545,0.0,9.0454545,22.0,60.0
3,PL157,39.700758,0.0,8.344697,22.0,60.0
4,PL157,36.079545,0.0,12.265152,22.0,60.0
5,PL157,37.731061,0.0,8.5340909,22.0,60.0
6,PL157,25.534091,0.0,22.0,22.0,60.0
7,PL157,33.0,0.0,22.0,22.0,60.0
1,PL158,21.666667,0.0,51.333333,75.0,60.0
2,PL158,36.201465,0.0,54.131868,75.0,60.0
3,PL158,35.673993,0.0,51.457875,75.0,60.0
4,PL158,36.487179,0.0,51.970696,75.0,60.0
5,PL158,35.175824,0.0,52.794872,75.0,60.0
6,PL158,28.267399,0.0,72.527473,75.0,60.0
7,PL158,42.527473,0.0,75.0,75.0,60.0
1,PL159,26.687273,2.9890909,36.323636,40.0,60.0
2,PL159,37.989091,0.0,30.334545,40.0,60.0
3,PL159,38.152727,0.0,33.181818,40.0,60.0
4,PL159,39.196364,0.0,38.985455,40.0,60.0
5,PL159,42.6,0.0,38.385455,40.0,60.0
6,PL159,44.385455,0.0,40.0,40.0,60.0
7,PL159,28.0,0.0,40.0,40.0,60.0
1,PL160,23.521429,0.0,50.478571,86.0,60.0
2,PL160,36.0,0.0,48.478571,86.0,60.0
3,PL160,36.828571,0.0,51.65,86.0,60.0
4,PL160,36.378571,0.0,50.271429,86.0,60.0
5,PL160,38.535714,0.0,52.735714,86.0,60.0
6,PL160,41.725,0.0,62.010714,86.0,60.0
7,PL160,18.010714,0.0,86.0,86.0,60.0
1,PL161,28.870175,0.0,26.129825,29.0,60.0
2,PL161,38.891228,0.0,17.238596,29.0,60.0
3,PL161,39.922807,0.0,21.315789,29.0,60.0
4,PL161,36.631579,0.0,21.684211,29.0,60.0
5,PL161,40.501754,0.0,21.182456,29.0,60.0
6,PL161,40.42807,0.0,24.754386,29.0,60.0
7,PL161,41.754386,0.0,29.0,29.0,60.0
1,PL162,26.433333,2.5777778,22.988889,26.0,60.0
2,PL162,37.988889,0.0,21.0,26.0,60.0
3,PL162,40.0,0.0,26.0,26.0,60.0
4,PL162,38.392593,0.0,21.607407,26.0,60.0
5,PL162,39.566667,0.0,22.040741,26.0,60.0
6,PL162,37.392593,0.0,22.648148,26.0,60.0
7,PL162,34.648148,0.0,26.0,26.0,60.0
1,PL163,20.302817,8.8380282,19.859155,38.0,60.0
2,PL163,35.683099,0.0,29.176056,38.0,60.0
3,PL163,42.176056,0.0,38.0,38.0,60.0
4,PL163,45.584507,0.0,33.415493,38.0,60.0
5,PL163,43.112676,0.0,27.302817,38.0,60.0
6,PL163,38.045775,0.0,25.257042,38.0,60.0
7,PL163,30.257042,0.0,38.0,38.0,60.0
1,PL164,28.398577,0.0,30.601423,48.0,60.0
2,PL164,40.362989,0.0,27.238434,48.0,60.0
3,PL164,38.619217,0.0,25.619217,48.0,60.0
4,PL164,38.964413,0.0,29.654804,48.0,60.0
5,PL164,39.747331,0.0,28.907473,48.0,60.0
6,PL164,38.658363,0.0,24.24911,48.0,60.0
7,PL164,25.24911,0.0,48.0,48.0,60.0
1,PL165,17.968966,3.2172414,34.813793,64.0,60.0
2,PL165,29.703448,0.0,40.110345,64.0,60.0
3,PL165,31.648276,0.0,41.462069,64.0,60.0
4,PL165,38.737931,0.0,50.724138,64.0,60.0
5,PL165,40.617241,0.0,51.106897,64.0,60.0
6,PL165,44.017241,0.0,50.089655,64.0,60.0
7,PL165,49.089655,0.0,64.0,64.0,60.0
1,PL166,21.704545,2.8295455,42.465909,61.0,60.0
2,PL166,28.909091,0.0,40.556818,61.0,60.0
3,PL166,30.375,0.0,44.181818,61.0,60.0
4,PL166,33.155303,0.0,48.026515,61.0,60.0
5,PL166,35.443182,0.0,47.583333,61.0,60.0
6,PL166,41.371212,0.0,57.212121,61.0,60.0
7,PL166,46.212121,0.0,61.0,61.0,60.0
1,PL167,29.30137,0.0,54.69863,65.0,60.0
2,PL167,41.232877,0.0,43.465753,65.0,60.0
3,PL167,42.660959,0.0,53.804795,65.0,60.0
4,PL167,38.393836,0.0,47.410959,65.0,60.0
5,PL167,42.006849,0.0,45.40411,65.0,60.0
6,PL167,42.160959,0.0,60.243151,65.0,60.0
7,PL167,29.243151,0.0,65.0,65.0,60.0
1,PL168,23.115789,2.1368421,30.747368,43.0,60.0
2,PL168,40.042105,0.0,38.705263,43.0,60.0
3,PL168,43.705263,0.0,43.0,43.0,60.0
4,PL168,40.589474,0.0,28.410526,43.0,60.0
5,PL168,38.252632,0.0,29.157895,43.0,60.0
6,PL168,34.347368,0.0,33.810526,43.0,60.0
7,PL168,39.810526,0.0,43.0,43.0,60.0
1,PL169,20.509091,0.0,30.490909,49.0,60.0
2,PL169,34.0,0.0,37.490909,49.0,60.0
3,PL169,35.701818,0.0,37.789091,49.0,60.0
4,PL169,39.4,0.0,39.389091,49.0,60.0
5,PL169,37.236364,0.0,37.152727,49.0,60.0
6,PL169,41.989091,0.0,44.163636,49.0,60.0
7,PL169,38.163636,0.0,49.0,49.0,60.0
1,PL170,33.591973,0.0,53.408027,64.0,60.0
2,PL170,48.755853,0.0,42.652174,64.0,60.0
3,PL170,46.013378,0.0,40.638796,64.0,60.0
4,PL170,38.454849,0.0,36.183946,64.0,60.0
5,PL170,40.729097,0.0,38.454849,64.0,60.0
6,PL170,40.254181,0.0,43.200669,64.0,60.0
7,PL170,20.200669,0.0,64.0,64.0,60.0
1,PL171,24.860294,0.0,52.139706,61.0,60.0
2,PL171,41.235294,0.0,50.904412,61.0,60.0
3,PL171,41.731618,0.0,52.172794,61.0,60.0
4,PL171,39.952206,0.0,49.220588,61.0,60.0
5,PL171,40.352941,0.0,48.867647,61.0,60.0
6,PL171,24.867647,0.0,61.0,61.0,60.0
7,PL171,33.0,0.0,61.0,61.0,60.0
1,PL172,23.245283,0.0,37.754717,58.0,60.0
2,PL172,34.516981,0.0,37.237736,58.0,60.0
3,PL172,33.633962,0.0,35.603774,58.0,60.0
4,PL172,37.588679,0.0,44.015094,58.0,60.0
5,PL172,37.09434,0.0,40.920755,58.0,60.0
6,PL172,40.784906,0.0,42.135849,58.0,60.0
7,PL172,26.135849,0.0,58.0,58.0,60.0
1,PL173,24.70979,0.0,39.29021,71.0,60.0
2,PL173,41.227273,0.0,48.062937,71.0,60.0
3,PL173,40.479021,0.0,41.583916,71.0,60.0
4,PL173,39.965035,0.0,37.618881,71.0,60.0
5,PL173,39.562937,0.0,47.055944,71.0,60.0
6,PL173,40.77972,0.0,43.276224,71.0,60.0
7,PL173,15.276224,0.0,71.0,71.0,60.0
1,PL174,21.125,0.0,44.875,72.0,60.0
2,PL174,35.867424,0.0,52.007576,72.0,60.0
3,PL174,40.299242,0.0,57.708333,72.0,60.0
4,PL174,44.284091,0.0,57.424242,72.0,60.0
5,PL174,41.715909,0.0,49.708333,72.0,60.0
6,PL174,34.314394,0.0,38.393939,72.0,60.0
7,PL174,7.3939394,0.0,72.0,72.0,60.0
1,PL175,35.574324,0.0,45.425676,62.0,60.0
2,PL175,49.581081,0.0,37.844595,62.0,60.0
3,PL175,43.148649,0.0,28.695946,62.0,60.0
4,PL175,39.307432,0.0,30.388514,62.0,60.0
5,PL175,36.402027,0.0,28.986486,62.0,60.0
6,PL175,14.932432,0.0,53.054054,62.0,60.0
7,PL175,42.054054,0.0,62.0,62.0,60.0
1,PL176,18.981818,0.0,40.018182,62.0,60.0
2,PL176,34.04,0.0,46.978182,62.0,60.0
3,PL176,39.898182,0.0,56.08,62.0,60.0
4,PL176,42.021818,0.0,52.058182,62.0,60.0
5,PL176,42.774545,0.0,49.283636,62.0,60.0
6,PL176,25.283636,0.0,62.0,62.0,60.0
7,PL176,39.101818,0.0,61.898182,62.0,60.0
1,PL177,34.580328,0.0,39.419672,45.0,60.0
2,PL177,53.0,0.0,39.419672,45.0,60.0
3,PL177,50.567213,0.0,34.852459,45.0,60.0
4,PL177,46.347541,0.0,28.504918,45.0,60.0
5,PL177,40.695082,0.0,23.809836,45.0,60.0
6,PL177,40.170492,0.0,27.639344,45.0,60.0
7,PL177,15.639344,0.0,45.0,45.0,60.0
1,PL178,26.045936,0.0,45.954064,81.0,60.0
2,PL178,43.731449,0.0,54.222615,81.0,60.0
3,PL178,40.766784,0.0,46.45583,81.0,60.0
4,PL178,44.770318,0.0,49.685512,81.0,60.0
5,PL178,38.650177,0.0,47.035336,81.0,60.0
6,PL178,38.530035,0.0,40.5053,81.0,60.0
7,PL178,2.5053004,0.0,81.0,81.0,60.0
1,PL179,22.848708,3.701107,19.450185,25.0,60.0
2,PL179,38.450185,0.0,25.0,25.0,60.0
3,PL179,38.01476,0.0,20.98524,25.0,60.0
4,PL179,41.02214,0.0,24.9631,25.0,60.0
5,PL179,38.531365,0.0,23.431734,25.0,60.0
6,PL179,40.228782,0.0,21.202952,25.0,60.0
7,PL179,33.202952,0.0,25.0,25.0,60.0
1,PL180,29.024561,0.0,58.975439,77.0,60.0
2,PL180,42.350877,0.0,55.624561,77.0,60.0
3,PL180,41.031579,0.0,54.592982,77.0,60.0
4,PL180,38.340351,0.0,52.252632,77.0,60.0
5,PL180,37.031579,0.0,50.221053,77.0,60.0
6,PL180,39.298246,0.0,57.922807,77.0,60.0
7,PL180,24.922807,0.0,77.0,77.0,60.0
